-- phpMyAdmin SQL Dump
-- version 4.8.5
-- https://www.phpmyadmin.net/
--
-- Host: 127.0.0.1
-- Generation Time: Jul 14, 2020 at 03:30 PM
-- Server version: 10.1.38-MariaDB
-- PHP Version: 7.3.2

SET SQL_MODE = "NO_AUTO_VALUE_ON_ZERO";
SET AUTOCOMMIT = 0;
START TRANSACTION;
SET time_zone = "+00:00";


/*!40101 SET @OLD_CHARACTER_SET_CLIENT=@@CHARACTER_SET_CLIENT */;
/*!40101 SET @OLD_CHARACTER_SET_RESULTS=@@CHARACTER_SET_RESULTS */;
/*!40101 SET @OLD_COLLATION_CONNECTION=@@COLLATION_CONNECTION */;
/*!40101 SET NAMES utf8mb4 */;

--
-- Database: `ishyiga_fuit`
--

-- --------------------------------------------------------

--
-- Table structure for table `fluid_arrival`
--

CREATE TABLE `fluid_arrival` (
  `id` int(200) NOT NULL,
  `id_place2` int(200) NOT NULL,
  `destination` varchar(255) COLLATE utf8_unicode_ci NOT NULL,
  `id_sector` int(20) NOT NULL
) ENGINE=InnoDB DEFAULT CHARSET=utf8 COLLATE=utf8_unicode_ci;

--
-- Dumping data for table `fluid_arrival`
--

INSERT INTO `fluid_arrival` (`id`, `id_place2`, `destination`, `id_sector`) VALUES
(1, 12, 'kipharma', 12),
(2, 2, 'pharmamed', 13),
(12, 1, 'unipharma', 19),
(13, 13, 'speranza', 12);

-- --------------------------------------------------------

--
-- Table structure for table `fluid_booking`
--

CREATE TABLE `fluid_booking` (
  `id` int(11) NOT NULL,
  `start_time` char(200) COLLATE utf8_unicode_ci NOT NULL,
  `end_time` char(200) COLLATE utf8_unicode_ci NOT NULL,
  `id_user` int(255) NOT NULL,
  `car_id` int(100) NOT NULL,
  `id_place0` int(255) NOT NULL,
  `id_placef` int(255) NOT NULL,
  `status_id` int(255) NOT NULL,
  `departments_id` int(255) NOT NULL,
  `description` text COLLATE utf8_unicode_ci,
  `rank` varchar(255) COLLATE utf8_unicode_ci NOT NULL,
  `created_at` datetime DEFAULT NULL,
  `updated_at` datetime DEFAULT NULL
) ENGINE=InnoDB DEFAULT CHARSET=utf8 COLLATE=utf8_unicode_ci;

--
-- Dumping data for table `fluid_booking`
--

INSERT INTO `fluid_booking` (`id`, `start_time`, `end_time`, `id_user`, `car_id`, `id_place0`, `id_placef`, `status_id`, `departments_id`, `description`, `rank`, `created_at`, `updated_at`) VALUES
(9, '2017-11-07 14:10', '2017-11-07 15:10', 20, 1, 77, 75, 1, 2, NULL, 'comfirmed', NULL, NULL),
(10, '2017-11-07 11:30', '2017-11-07 13:00', 3, 1, 77, 78, 1, 3, NULL, 'comfirmed', NULL, NULL),
(11, '2017-11-07 15:47', '2017-11-07 16:30', 3, 1, 78, 76, 1, 3, NULL, 'comfirmed', NULL, NULL),
(12, '2017-11-07 16:35', '2017-11-07 15:45', 2, 1, 76, 77, 1, 3, NULL, 'comfirmed', NULL, NULL),
(13, '2017-11-07 17:01', '2017-11-07 17:30', 4, 1, 80, 72, 1, 1, NULL, 'comfirmed', NULL, NULL),
(14, '2017-11-07 17:40', '2017-11-07 18:04', 4, 1, 79, 81, 1, 1, NULL, 'comfirmed', NULL, NULL),
(15, '2017-11-08 16:05', '2017-11-08 17:05', 2, 1, 77, 76, 3, 3, NULL, 'comfirmed', NULL, NULL),
(16, '2017-11-13 14:45', '2017-11-13 15:45', 26, 1, 77, 1, 3, 2, NULL, 'comfirmed', NULL, NULL),
(17, '2017-11-13 13:10', '2017-11-15 14:08', 25, 1, 1, 77, 1, 2, NULL, 'rejected', NULL, NULL),
(18, '2017-11-14 14:46', '2017-11-14 19:00', 28, 1, 77, 1, 2, 2, NULL, 'pending', NULL, NULL),
(19, '2017-11-14 20:12', '2017-11-14 20:15', 2, 1, 76, 76, 3, 3, NULL, 'pending', NULL, NULL),
(20, '2017-11-14 07:30', '2017-11-13 09:30', 2, 1, 76, 76, 1, 3, NULL, 'pending', NULL, NULL),
(21, '2017-11-14 09:00', '2017-11-14 09:30', 25, 1, 77, 1, 2, 2, NULL, 'comfirmed', NULL, NULL),
(22, '2017-11-14 14:30', '2017-11-14 15:15', 29, 1, 77, 2, 3, 3, NULL, 'comfirmed', NULL, NULL),
(23, '2017-11-14 14:30', '2017-11-14 15:15', 29, 1, 2, 77, 3, 3, NULL, 'pending', NULL, NULL),
(24, '2017-11-15 11:00', '2017-11-15 11:15', 29, 1, 77, 69, 3, 3, NULL, 'comfirmed', NULL, NULL),
(25, '2017-11-15 11:15', '2017-11-15 11:30', 29, 1, 69, 77, 3, 3, NULL, 'comfirmed', NULL, NULL),
(26, '2017-11-15 14:20', '2017-11-15 15:00', 20, 1, 77, 74, 2, 2, NULL, 'comfirmed', NULL, NULL),
(27, '2017-11-15 14:30', '2017-11-15 15:00', 25, 1, 77, 1, 3, 2, NULL, 'rejected', NULL, NULL),
(28, '2017-11-15 15:00', '2017-11-15 15:15', 1, 1, 77, 76, 1, 2, NULL, 'comfirmed', NULL, NULL),
(29, '2017-11-15 15:30', '2017-11-15 16:10', 25, 1, 77, 1, 3, 2, NULL, 'comfirmed', NULL, NULL),
(30, '2017-11-16 11:30', '2017-11-16 12:30', 31, 1, 67, 60, 1, 2, NULL, 'pending', NULL, NULL),
(31, '2017-11-16 11:30', '2017-11-16 12:30', 31, 0, 60, 67, 1, 2, NULL, 'pending', NULL, NULL),
(32, '2017-11-17 14:00', '2017-11-17 14:45', 20, 1, 58, 77, 3, 2, NULL, 'comfirmed', NULL, NULL),
(33, '2017-11-17 15:20', '2017-11-17 15:50', 20, 1, 77, 58, 3, 2, NULL, 'comfirmed', NULL, NULL),
(34, '2017-11-20 17:30', '2017-11-20 18:00', 3, 0, 77, 76, 2, 3, NULL, 'pending', NULL, NULL),
(35, '2017-11-21 10:40', '2017-11-21 11:00', 20, 0, 58, 74, 2, 2, NULL, 'comfirmed', NULL, NULL),
(36, '2017-11-21 12:50', '2017-11-21 13:20', 20, 0, 74, 77, 3, 2, NULL, 'comfirmed', NULL, NULL),
(37, '2017-11-21 16:42', '2017-11-21 18:00', 37, 0, 77, 1, 2, 2, NULL, 'comfirmed', NULL, NULL),
(38, '2017-11-22 09:23', '2017-11-22 12:23', 28, 0, 77, 1, 3, 1, NULL, 'pending', NULL, NULL),
(39, '2017-11-23 12:30', '2017-11-23 13:30', 37, 0, 1, 19, 2, 2, NULL, 'comfirmed', NULL, NULL),
(40, '2017-11-23 15:40', '2017-11-23 16:10', 20, 0, 77, 74, 2, 2, NULL, 'pending', NULL, NULL),
(41, '2017-11-24 08:30', '2017-11-24 09:10', 25, 0, 77, 50, 2, 2, NULL, 'comfirmed', NULL, NULL),
(42, '2017-11-24 10:00', '2017-11-24 11:00', 2, 0, 77, 1, 1, 3, NULL, 'comfirmed', NULL, NULL),
(43, '2017-11-24 11:40', '2017-11-24 11:50', 20, 0, 77, 74, 2, 2, NULL, 'comfirmed', NULL, NULL),
(44, '2017-11-24 12:00', '2017-11-24 13:00', 37, 0, 1, 19, 1, 2, NULL, 'pending', NULL, NULL),
(45, '2017-11-24 12:00', '2017-11-24 12:20', 20, 0, 77, 74, 2, 2, NULL, 'pending', NULL, NULL),
(46, '2017-11-27 10:15', '2017-11-27 11:15', 1, 0, 77, 7, 3, 2, NULL, 'pending', NULL, NULL),
(47, '2017-11-27 15:00', '2017-11-27 17:00', 28, 0, 77, 24, 2, 3, NULL, 'pending', NULL, NULL),
(48, '2017-11-27 10:24', '2017-11-27 11:24', 1, 1, 77, 7, 3, 2, NULL, 'comfirmed', NULL, NULL),
(49, '2017-11-28 10:00', '2017-11-28 11:00', 56, 2, 77, 76, 2, 2, NULL, 'comfirmed', NULL, NULL),
(50, '2017-11-27 17:20', '2017-11-27 17:45', 37, 1, 77, 1, 1, 2, NULL, 'comfirmed', NULL, NULL),
(51, '2017-11-28 14:45', '2017-11-28 16:00', 56, 1, 77, 60, 2, 2, NULL, 'comfirmed', NULL, NULL),
(52, '2017-11-29 09:58', '2017-11-29 09:58', 28, 1, 30, 1, 2, 3, NULL, 'comfirmed', NULL, NULL),
(53, '2017-11-29 14:00', '2017-11-29 15:00', 3, 1, 77, 85, 3, 3, NULL, 'comfirmed', NULL, NULL),
(54, '2017-11-30 10:40', '2017-11-30 11:20', 20, 1, 87, 1, 2, 2, NULL, 'comfirmed', NULL, NULL),
(55, '2017-11-29 11:30', '2017-11-29 15:00', 57, 1, 77, 75, 1, 2, NULL, 'pending', NULL, NULL),
(56, '2017-11-30 10:50', '2017-11-30 11:20', 20, 1, 77, 87, 2, 2, NULL, 'comfirmed', NULL, NULL),
(57, '2017-11-30 06:00', '2017-11-30 08:00', 28, 2, 81, 76, 2, 3, NULL, 'comfirmed', NULL, NULL),
(58, '2017-11-29 15:00', '2017-11-29 16:00', 58, 1, 77, 76, 3, 1, NULL, 'comfirmed', NULL, NULL),
(59, '2017-11-29 16:30', '2017-11-29 17:00', 57, 1, 74, 77, 3, 1, NULL, 'pending', NULL, NULL),
(60, '2017-11-30 09:00', '2017-11-30 10:30', 4, 3, 77, 5, 2, 1, NULL, 'rejected', NULL, NULL),
(61, '2017-11-30 13:00', '2017-11-30 13:30', 20, 3, 87, 77, 3, 2, NULL, 'comfirmed', NULL, NULL),
(62, '2017-11-30 14:40', '2017-11-30 15:30', 57, 1, 74, 77, 1, 2, NULL, 'comfirmed', NULL, NULL),
(63, '2017-11-30 14:25', '2017-11-30 15:30', 37, 1, 77, 1, 1, 2, NULL, 'comfirmed', NULL, NULL),
(64, '2017-12-01 11:00', '2017-12-01 12:00', 21, 3, 77, 76, 1, 3, NULL, 'comfirmed', NULL, NULL),
(65, '2017-12-01 12:00', '2017-12-01 13:00', 59, 1, 1, 1, 1, 1, NULL, 'comfirmed', NULL, NULL),
(66, '2017-12-01 13:51', '2017-12-01 14:30', 3, 1, 77, 85, 3, 3, NULL, 'comfirmed', NULL, NULL),
(67, '2017-12-04 12:10', '2017-12-04 13:20', 25, 2, 77, 36, 2, 2, NULL, 'comfirmed', NULL, NULL),
(68, '2017-12-04 15:00', '2017-12-04 15:01', 26, 3, 77, 69, 1, 2, NULL, 'rejected', NULL, NULL),
(69, '2017-12-04 16:00', '2017-12-05 16:14', 26, 2, 77, 69, 1, 2, NULL, 'comfirmed', NULL, NULL),
(70, '2017-12-04 15:32', '2017-12-04 16:32', 27, 2, 77, 1, 1, 2, NULL, 'comfirmed', NULL, NULL),
(71, '2017-12-05 10:10', '2017-12-05 11:00', 20, 2, 77, 74, 2, 2, NULL, 'comfirmed', NULL, NULL),
(72, '2017-12-05 14:00', '2017-12-05 15:00', 22, 1, 77, 7, 1, 2, NULL, 'rejected', NULL, NULL),
(73, '2017-12-05 14:24', '2017-12-05 15:24', 1, 1, 77, 7, 3, 2, NULL, 'rejected', NULL, NULL),
(74, '2017-12-07 13:51', '2017-12-07 13:51', 4, 2, 77, 47, 1, 3, NULL, 'comfirmed', NULL, NULL),
(75, '2017-12-05 14:50', '2017-12-05 14:55', 3, 1, 77, 76, 1, 3, NULL, 'comfirmed', NULL, NULL),
(76, '2017-12-05 18:18', '2017-12-05 20:18', 28, 2, 76, 81, 2, 3, NULL, 'pending', NULL, NULL),
(77, '2017-12-05 16:53', '2017-12-05 17:53', 27, 1, 77, 4, 1, 2, NULL, 'comfirmed', NULL, NULL),
(78, '2017-12-05 10:00', '2017-12-05 11:00', 21, 1, 76, 77, 1, 3, NULL, 'pending', NULL, NULL),
(79, '2017-12-06 11:04', '2017-12-06 11:04', 38, 1, 70, 71, 2, 2, NULL, 'comfirmed', NULL, NULL),
(80, '2017-12-06 12:33', '2017-12-06 16:00', 28, 2, 77, 81, 1, 3, NULL, 'pending', NULL, NULL),
(81, '2017-12-18 08:00', '2017-12-18 13:50', 28, 1, 81, 89, 3, 4, NULL, 'pending', NULL, NULL),
(82, '2017-12-08 10:00', '2017-12-08 02:30', 21, 1, 77, 76, 1, 3, NULL, 'comfirmed', NULL, NULL),
(83, '2017-12-08 07:50', '2017-12-08 09:30', 28, 1, 81, 61, 3, 4, NULL, 'pending', NULL, NULL),
(84, '2017-12-08 10:30', '2017-12-08 12:00', 28, 2, 61, 1, 3, 4, NULL, 'comfirmed', NULL, NULL),
(85, '2017-12-08 12:30', '2017-12-08 13:30', 38, 2, 91, 70, 2, 2, NULL, 'comfirmed', NULL, NULL),
(86, '2017-12-08 10:30', '2017-12-08 11:30', 2, 3, 92, 77, 3, 3, NULL, 'comfirmed', NULL, NULL),
(87, '2017-12-08 12:00', '2017-12-08 13:10', 57, 1, 29, 74, 1, 2, NULL, 'comfirmed', NULL, NULL),
(88, '2017-12-08 11:15', '2017-12-08 12:00', 24, 1, 77, 8, 1, 2, NULL, 'comfirmed', NULL, NULL),
(89, '2017-12-08 14:30', '2017-12-08 15:20', 25, 1, 93, 77, 2, 2, NULL, 'pending', NULL, NULL),
(90, '2017-12-08 18:25', '2017-12-08 18:40', 57, 1, 77, 74, 1, 2, NULL, 'comfirmed', NULL, NULL),
(91, '2017-12-10 16:30', '2017-12-10 17:30', 38, 3, 77, 94, 2, 2, NULL, 'pending', NULL, NULL),
(92, '2017-12-11 00:31', '2017-12-11 22:31', 26, 2, 76, 76, 1, 4, NULL, 'comfirmed', NULL, NULL),
(93, '2017-12-11 00:31', '2017-12-11 22:31', 26, 2, 76, 76, 1, 4, NULL, 'comfirmed', NULL, NULL),
(94, '9h00', '10h', 3, 1, 77, 63, 1, 3, NULL, 'pending', NULL, NULL),
(95, '9h00', '10h', 3, 1, 77, 63, 1, 3, NULL, 'pending', NULL, NULL),
(96, '2017-12-11 09:45', '2017-12-11 10:05', 32, 2, 77, 95, 2, 2, NULL, 'comfirmed', NULL, NULL),
(97, '2017-12-11 11:00', '2017-12-11 12:30', 3, 1, 77, 93, 3, 3, NULL, 'comfirmed', NULL, NULL),
(98, '2017-12-11 14:00', '2017-12-11 15:00', 1, 1, 77, 3, 3, 2, NULL, 'comfirmed', NULL, NULL),
(99, '2017-12-11 11:40', '2017-12-11 12:10', 20, 1, 77, 96, 2, 4, NULL, 'comfirmed', NULL, NULL),
(100, '2017-12-11 14:00', '2017-12-11 15:00', 3, 1, 77, 97, 3, 3, NULL, 'comfirmed', NULL, NULL),
(101, '2017-12-11 16:30', '2017-12-11 17:00', 21, 3, 77, 20, 2, 3, NULL, 'comfirmed', NULL, NULL),
(102, '2017-12-11 19:05', '2017-12-11 20:05', 2, 2, 81, 95, 2, 3, NULL, 'pending', NULL, NULL),
(103, '2017-12-12 11:00', '2017-12-12 11:40', 32, 1, 77, 98, 2, 2, NULL, 'comfirmed', NULL, NULL),
(104, '2017-12-12 09:00', '2017-12-12 09:40', 20, 1, 77, 20, 2, 2, NULL, 'comfirmed', NULL, NULL),
(105, '2017-12-12 11:40', '2017-12-12 12:10', 20, 1, 20, 77, 3, 2, NULL, 'comfirmed', NULL, NULL),
(106, '2017-12-11 12:20', '2017-12-12 13:30', 2, 3, 77, 94, 3, 3, NULL, 'comfirmed', NULL, NULL),
(107, '2017-12-12 09:51', '2017-12-12 10:25', 1, 1, 77, 99, 1, 2, NULL, 'comfirmed', NULL, NULL),
(108, '2017-12-12 14:30', '2017-12-12 15:30', 27, 2, 77, 1, 1, 2, NULL, 'comfirmed', NULL, NULL),
(109, '2017-12-13 09:01', '2017-12-13 11:00', 27, 2, 77, 47, 2, 3, NULL, 'comfirmed', NULL, NULL),
(110, '2017-12-13 09:01', '2017-12-13 11:00', 27, 2, 77, 47, 2, 3, NULL, 'comfirmed', NULL, NULL),
(111, '2017-12-13 10:00', '2017-12-13 10:30', 32, 2, 77, 98, 3, 2, NULL, 'comfirmed', NULL, NULL),
(112, '2017-12-13 10:40', '2017-12-13 11:00', 32, 1, 98, 77, 3, 2, NULL, 'comfirmed', NULL, NULL),
(113, '2017-12-13 10:00', '2017-12-13 11:30', 38, 3, 94, 96, 2, 2, NULL, 'comfirmed', NULL, NULL),
(114, '2017-12-13 11:00', '2017-12-13 12:00', 2, 3, 77, 89, 3, 3, NULL, 'comfirmed', NULL, NULL),
(115, '2017-12-13 13:00', '2017-12-13 13:30', 57, 1, 74, 77, 1, 2, NULL, 'pending', NULL, NULL),
(116, '2017-12-19 11:00', '2017-12-19 12:00', 24, 1, 8, 26, 2, 2, NULL, 'comfirmed', NULL, NULL),
(117, '2017-12-19 09:45', '2017-12-19 10:15', 32, 2, 77, 9, 3, 2, NULL, 'comfirmed', NULL, NULL),
(118, '2017-12-19 13:00', '2017-12-19 13:30', 32, 2, 9, 77, 3, 2, NULL, 'comfirmed', NULL, NULL),
(119, '2017-12-19 15:00', '2017-12-19 15:30', 1, 1, 77, 3, 1, 2, NULL, 'comfirmed', NULL, NULL),
(120, '2017-12-20 11:00', '2017-12-20 11:30', 1, 1, 77, 99, 3, 2, NULL, 'comfirmed', NULL, NULL),
(121, '2017-12-20 13:00', '2017-12-20 14:00', 21, 1, 77, 21, 2, 3, NULL, 'comfirmed', NULL, NULL),
(122, '2017-12-20 14:00', '2017-12-20 15:00', 21, 1, 21, 77, 2, 3, NULL, 'comfirmed', NULL, NULL),
(123, '2017-12-20 11:09', '2017-12-20 11:30', 1, 1, 77, 99, 3, 2, NULL, 'pending', NULL, NULL),
(124, '2017-12-20 14:00', '2017-12-20 14:30', 1, 1, 77, 99, 3, 2, NULL, 'comfirmed', NULL, NULL),
(125, '2017-12-21 14:51', '2017-12-21 15:30', 3, 1, 77, 76, 1, 4, NULL, 'comfirmed', NULL, NULL),
(126, '2017-12-22 09:00', '2017-12-22 10:00', 25, 2, 77, 93, 3, 2, NULL, 'comfirmed', NULL, NULL),
(127, '2017-12-22 14:30', '2017-12-22 15:10', 20, 2, 77, 87, 2, 4, NULL, 'pending', NULL, NULL),
(128, '2017-12-27 07:40', '2017-12-27 08:40', 20, 1, 77, 100, 2, 4, NULL, 'pending', NULL, NULL),
(129, '2017-12-27 12:50', '2017-12-27 13:40', 20, 1, 86, 77, 3, 2, NULL, 'pending', NULL, NULL),
(130, '2017-12-27 13:35', '2017-12-27 14:35', 57, 1, 74, 77, 1, 2, NULL, 'comfirmed', NULL, NULL),
(131, '2017-12-28 08:50', '2017-12-28 09:15', 20, 1, 77, 100, 2, 2, NULL, 'pending', NULL, NULL),
(132, '2017-12-29 13:30', '2017-12-29 14:15', 25, 1, 77, 88, 2, 2, NULL, 'comfirmed', NULL, NULL),
(133, '2017-12-29 14:30', '2017-12-29 15:15', 24, 2, 77, 21, 2, 2, NULL, 'pending', NULL, NULL),
(134, '2018-01-03 15:00', '2018-01-03 16:00', 3, 1, 77, 101, 1, 3, NULL, 'pending', NULL, NULL),
(135, '2018-01-04 08:30', '2018-01-04 09:00', 3, 1, 81, 101, 1, 3, NULL, 'comfirmed', NULL, NULL),
(136, '2018-01-04 10:10', '2018-01-04 11:10', 25, 2, 77, 102, 2, 2, NULL, 'comfirmed', NULL, NULL),
(137, '2018-01-04 14:30', '2018-01-04 15:30', 3, 1, 77, 103, 1, 3, NULL, 'comfirmed', NULL, NULL),
(138, '2018-01-04 14:05', '2018-01-04 14:35', 25, 2, 104, 77, 2, 2, NULL, 'pending', NULL, NULL),
(139, '2018-01-05 10:00', '2018-01-05 11:30', 59, 1, 77, 1, 3, 1, NULL, 'comfirmed', NULL, NULL),
(140, '2018-01-05 09:00', '2018-01-05 09:30', 21, 2, 94, 77, 3, 4, NULL, 'comfirmed', NULL, NULL),
(141, '2018-01-05 10:00', '2018-01-05 10:15', 1, 1, 77, 103, 2, 2, NULL, 'comfirmed', NULL, NULL),
(142, '2018-01-05 11:42', '2018-01-05 12:42', 60, 1, 77, 90, 1, 2, NULL, 'pending', NULL, NULL),
(143, '2018-01-05 11:45', '2018-01-05 12:30', 3, 1, 77, 94, 1, 3, NULL, 'comfirmed', NULL, NULL),
(144, '2018-01-05 15:00', '2018-01-05 15:30', 3, 1, 94, 77, 1, 3, NULL, 'pending', NULL, NULL),
(145, '2018-01-05 14:30', '2018-01-05 15:30', 32, 2, 77, 54, 2, 2, NULL, 'pending', NULL, NULL),
(146, '2018-01-08 14:00', '2018-01-08 16:00', 59, 1, 77, 1, 2, 1, NULL, 'comfirmed', NULL, NULL),
(147, '2018-01-05 16:00', '2018-01-05 17:00', 27, 1, 77, 1, 1, 2, NULL, 'comfirmed', NULL, NULL),
(148, '2018-01-08 10:37', '2018-01-08 11:05', 20, 2, 77, 105, 1, 2, NULL, 'pending', NULL, NULL),
(149, '2018-01-08 12:30', '2018-01-08 13:00', 3, 1, 77, 94, 1, 3, NULL, 'comfirmed', NULL, NULL),
(150, '2018-01-08 14:30', '2018-01-08 15:00', 27, 1, 77, 1, 1, 2, NULL, 'pending', NULL, NULL),
(151, '2018-01-08 15:00', '2018-01-08 15:30', 21, 1, 77, 106, 2, 1, NULL, 'comfirmed', NULL, NULL),
(152, '2018-01-08 15:43', '2018-01-08 16:30', 60, 3, 63, 77, 1, 2, NULL, 'pending', NULL, NULL),
(153, '2018-01-09 09:00', '2018-01-10 10:30', 38, 3, 94, 71, 2, 2, NULL, 'comfirmed', NULL, NULL),
(154, '2018-01-09 09:00', '2018-01-10 10:30', 38, 3, 94, 71, 2, 2, NULL, 'pending', NULL, NULL),
(155, '2018-01-10 14:45', '2018-01-10 15:30', 20, 2, 77, 100, 3, 2, NULL, 'pending', NULL, NULL),
(156, '2018-01-10 15:44', '2018-01-10 17:44', 57, 1, 77, 76, 1, 2, NULL, 'pending', NULL, NULL),
(157, '2018-01-11 10:46', '2018-01-10 12:46', 57, 1, 21, 74, 1, 1, NULL, 'pending', NULL, NULL),
(158, '2018-01-11 10:00', '2018-01-11 13:00', 57, 1, 21, 74, 1, 2, NULL, 'comfirmed', NULL, NULL),
(159, '2018-01-11 09:20', '2018-01-11 10:00', 20, 2, 77, 97, 2, 2, NULL, 'pending', NULL, NULL),
(160, '2018-01-11 15:00', '2018-01-11 16:00', 60, 1, 61, 77, 3, 2, NULL, 'comfirmed', NULL, NULL),
(161, '2018-01-12 14:50', '2018-01-12 15:30', 25, 1, 77, 104, 2, 2, NULL, 'comfirmed', NULL, NULL),
(162, '2018-01-12 14:40', '2018-01-12 15:30', 20, 1, 77, 100, 3, 2, NULL, 'comfirmed', NULL, NULL),
(163, '2018-01-15 09:00', '2018-01-15 10:00', 32, 2, 77, 108, 2, 2, NULL, 'comfirmed', NULL, NULL),
(164, '2018-01-15 14:30', '2018-01-15 15:30', 32, 2, 108, 77, 3, 2, NULL, 'comfirmed', NULL, NULL),
(165, '2018-01-15 09:30', '2018-01-15 09:45', 1, 1, 103, 77, 3, 2, NULL, 'comfirmed', NULL, NULL),
(166, '2018-01-15 11:00', '2017-12-13 12:30', 38, 1, 96, 62, 2, 2, NULL, 'pending', NULL, NULL),
(167, '2018-01-15 11:00', '2018-01-15 12:36', 38, 1, 96, 62, 2, 2, NULL, 'comfirmed', NULL, NULL),
(168, '2018-01-15 14:40', '2018-01-15 15:20', 20, 1, 77, 28, 2, 2, NULL, 'comfirmed', NULL, NULL),
(169, '2018-01-15 16:51', '2018-01-15 17:51', 57, 1, 77, 74, 1, 2, NULL, 'pending', NULL, NULL),
(170, '2018-01-17 11:00', '2018-01-17 11:30', 24, 1, 94, 109, 3, 2, NULL, 'pending', NULL, NULL),
(171, '2018-01-17 09:00', '2018-01-17 09:40', 20, 1, 111, 100, 2, 2, NULL, 'pending', NULL, NULL),
(172, '2018-01-18 12:13', '2018-01-18 13:13', 60, 1, 90, 111, 2, 2, NULL, 'comfirmed', NULL, NULL),
(173, '2018-01-19 14:30', '2018-01-19 14:50', 1, 1, 111, 113, 3, 2, NULL, 'comfirmed', NULL, NULL),
(174, '2018-01-23 14:30', '2018-01-23 14:45', 1, 1, 111, 113, 3, 2, NULL, 'comfirmed', NULL, NULL),
(175, '2018-01-23 13:30', '2018-01-23 13:50', 20, 1, 115, 112, 3, 2, NULL, 'comfirmed', NULL, NULL),
(176, '2018-01-23 16:00', '2018-01-23 16:30', 20, 1, 112, 100, 2, 2, NULL, 'comfirmed', NULL, NULL),
(177, '2018-01-25 12:15', '2018-01-26 12:15', 61, 11, 116, 117, 1, 1, NULL, 'comfirmed', NULL, NULL),
(178, '2018-01-25 14:00', '2018-01-25 15:00', 24, 1, 111, 118, 2, 2, NULL, 'pending', NULL, NULL),
(179, '2018-01-26 09:15', '2018-01-26 09:55', 25, 1, 112, 94, 2, 2, NULL, 'comfirmed', NULL, NULL),
(180, '2018-01-26 14:00', '2018-01-26 14:30', 24, 1, 112, 118, 2, 2, NULL, 'pending', NULL, NULL),
(181, '2018-01-26 14:40', '2018-01-26 15:30', 20, 1, 112, 119, 2, 2, NULL, 'pending', NULL, NULL),
(182, '2018-01-29 13:00', '2018-01-29 13:30', 24, 1, 112, 118, 2, 2, NULL, 'pending', NULL, NULL),
(183, '2018-01-29 14:40', '2018-01-29 15:10', 25, 1, 111, 94, 3, 2, NULL, 'pending', NULL, NULL),
(184, '2018-01-30 11:50', '2018-01-31 12:30', 25, 1, 111, 114, 3, 2, NULL, 'comfirmed', NULL, NULL),
(185, '2018-01-30 11:55', '2018-01-30 12:30', 32, 1, 112, 120, 2, 2, NULL, 'comfirmed', NULL, NULL),
(186, '2018-01-30 12:40', '2018-01-30 13:20', 25, 1, 114, 94, 3, 2, NULL, 'comfirmed', NULL, NULL),
(187, '2018-01-30 14:30', '2018-01-30 15:30', 1, 1, 111, 103, 1, 2, NULL, 'comfirmed', NULL, NULL),
(188, '2018-01-31 10:30', '2018-01-31 11:00', 32, 1, 111, 115, 2, 2, NULL, 'pending', NULL, NULL),
(189, '2018-01-31 15:12', '2018-01-31 16:12', 28, 1, 112, 94, 1, 1, NULL, 'pending', NULL, NULL),
(190, '', '2018-01-31 16:59', 57, 1, 112, 100, 1, 1, NULL, 'pending', NULL, NULL),
(191, '2018-01-31 15:02', '2018-01-31 16:59', 57, 1, 112, 100, 1, 1, NULL, 'pending', NULL, NULL),
(192, '2018-02-02 13:00', '2018-02-02 13:45', 38, 1, 111, 121, 1, 2, NULL, 'comfirmed', NULL, NULL),
(193, '2018-02-05 08:00', '2018-02-05 10:00', 4, 1, 112, 122, 2, 1, NULL, 'pending', NULL, NULL),
(194, '2018-02-05 11:00', '2018-02-05 12:17', 1, 1, 111, 103, 3, 2, NULL, 'pending', NULL, NULL),
(195, '2018-02-05 12:08', '2018-02-05 13:08', 1, 1, 103, 113, 2, 2, NULL, 'comfirmed', NULL, NULL),
(196, '2018-02-05 17:00', '2018-02-05 17:45', 38, 1, 112, 121, 2, 2, NULL, 'comfirmed', NULL, NULL),
(197, '2018-02-06 10:00', '2018-02-06 10:30', 20, 1, 111, 123, 3, 2, NULL, 'comfirmed', NULL, NULL),
(198, '2018-02-06 10:00', '2018-02-06 10:30', 1, 1, 111, 103, 3, 2, NULL, 'comfirmed', NULL, NULL),
(199, '2018-02-06 13:00', '2018-02-06 13:30', 20, 1, 123, 94, 3, 2, NULL, 'pending', NULL, NULL),
(200, '2018-02-06 15:30', '2018-02-06 16:00', 24, 1, 112, 118, 2, 2, NULL, 'comfirmed', NULL, NULL),
(201, '2018-02-07 09:00', '2018-02-07 09:40', 20, 1, 111, 123, 2, 2, NULL, 'pending', NULL, NULL),
(202, '2018-02-07 14:30', '2018-02-07 15:00', 24, 1, 112, 118, 2, 2, NULL, 'comfirmed', NULL, NULL),
(203, '2018-02-07 14:55', '2018-02-07 15:20', 32, 1, 112, 124, 2, 2, NULL, 'comfirmed', NULL, NULL),
(204, '2018-02-07 15:30', '2018-02-07 15:45', 32, 1, 124, 112, 2, 2, NULL, 'comfirmed', NULL, NULL),
(205, '2018-02-08 09:11', '2018-02-08 09:30', 71, 1, 111, 123, 3, 2, NULL, 'pending', NULL, NULL),
(206, '2018-02-08 11:00', '2018-02-08 11:50', 25, 1, 111, 125, 3, 2, NULL, 'pending', NULL, NULL),
(207, '2018-02-08 10:08', '2018-02-08 14:08', 57, 1, 108, 101, 1, 2, NULL, 'comfirmed', NULL, NULL),
(208, '2018-02-08 14:05', '2018-02-09 11:35', 1, 1, 112, 126, 2, 2, NULL, 'comfirmed', NULL, NULL),
(209, '2018-02-08 15:00', '2018-02-08 15:30', 24, 1, 111, 94, 2, 2, NULL, 'comfirmed', NULL, NULL),
(210, '2018-02-09 11:30', '2018-02-09 12:00', 24, 1, 127, 112, 2, 2, NULL, 'comfirmed', NULL, NULL),
(211, '2018-02-09 16:00', '2018-02-09 16:30', 24, 1, 112, 118, 2, 2, NULL, 'pending', NULL, NULL),
(212, '2018-02-12 11:00', '2018-02-12 12:00', 25, 1, 111, 125, 2, 2, NULL, 'comfirmed', NULL, NULL),
(213, '2018-02-12 11:00', '2018-02-12 11:40', 20, 1, 112, 129, 3, 2, NULL, 'comfirmed', NULL, NULL),
(214, '2018-02-12 12:00', '2018-02-12 12:40', 20, 1, 129, 100, 2, 2, NULL, 'pending', NULL, NULL),
(215, '2018-02-12 12:40', '2018-02-12 13:00', 20, 1, 100, 111, 3, 2, NULL, 'pending', NULL, NULL),
(216, '2018-02-12 12:40', '2018-02-12 13:00', 20, 1, 100, 111, 3, 2, NULL, 'pending', NULL, NULL),
(217, '2018-02-12 17:30', '2018-02-12 18:00', 24, 1, 111, 131, 2, 2, NULL, 'pending', NULL, NULL),
(218, '2018-02-13 12:15', '2018-02-13 12:45', 32, 1, 94, 112, 3, 2, NULL, 'pending', NULL, NULL),
(219, '2018-02-14 13:45', '2018-02-14 13:59', 71, 1, 108, 123, 3, 2, NULL, 'pending', NULL, NULL),
(220, '2018-02-14 13:45', '2018-02-14 13:59', 71, 1, 123, 112, 3, 2, NULL, 'pending', NULL, NULL),
(221, '1:30pm', '2:00pm', 71, 1, 123, 112, 3, 2, NULL, 'pending', NULL, NULL),
(222, '2018-02-16 15:00', '2018-02-16 15:30', 20, 1, 111, 129, 3, 4, NULL, 'comfirmed', NULL, NULL),
(223, '2018-02-16 16:00', '2018-02-16 16:20', 20, 1, 132, 134, 2, 2, NULL, 'comfirmed', NULL, NULL),
(224, '2018-02-16 17:00', '2018-02-16 17:30', 25, 1, 111, 103, 2, 2, NULL, 'comfirmed', NULL, NULL),
(225, '2018-02-22 10:39', '2018-02-22 15:39', 57, 1, 92, 101, 1, 2, '', 'pending', NULL, NULL),
(226, '2018-02-23 14:22', '2018-02-23 15:22', 1, 1, 112, 99, 2, 2, 'Gusinyisha backup report', 'comfirmed', NULL, NULL),
(227, '2018-02-26 12:00', '2018-02-26 12:30', 20, 1, 111, 178, 2, 2, 'Ishyiga ntirigaragara kuri clients machines', 'comfirmed', NULL, NULL),
(228, '2018-02-26 13:20', '2018-02-26 14:00', 20, 1, 111, 119, 2, 2, 'Ibirebana na autobackup', 'pending', NULL, NULL),
(229, '2018-02-26 16:02', '2018-02-26 16:06', 1, 1, 111, 99, 3, 2, 'mukazi', 'comfirmed', NULL, NULL),
(230, '2018-02-28 15:10', '2018-02-28 16:20', 25, 1, 111, 104, 1, 1, '', 'comfirmed', NULL, NULL),
(231, '2018-03-01 09:00', '2018-03-01 09:40', 20, 1, 111, 179, 2, 2, 'Install ishyiga ', 'comfirmed', NULL, NULL),
(232, '2018-03-01 13:00', '2018-03-01 13:30', 20, 1, 180, 111, 3, 2, 'Kujyana raporo', 'pending', NULL, NULL),
(233, '2018-03-01 13:00', '2018-03-01 13:30', 20, 1, 180, 111, 3, 2, 'Raporo', 'pending', NULL, NULL),
(244, '2018-03-01 15:34', '2018-03-01 15:40', 22, 1, 111, 178, 1, 1, 'akazi', 'pending', NULL, NULL),
(245, '2018-03-02 13:22', '2018-03-02 14:22', 22, 1, 111, 178, 1, 2, 'akazi', 'pending', NULL, NULL),
(246, '2018-03-03 13:21', '2018-03-03 16:21', 1, 1, 180, 108, 3, 1, 'Kureba umukiriya', 'confirmed', NULL, NULL),
(247, '2018-03-02 15:00', '2018-03-02 15:30', 58, 1, 111, 94, 2, 3, 'kuzana proforma', 'confirmed', NULL, NULL),
(248, '2018-03-02 14:52', '2018-03-02 15:00', 22, 1, 111, 178, 2, 2, 'installation', 'comfirmed', NULL, NULL),
(249, '2018-03-04 17:36', '2018-03-04 18:36', 22, 1, 111, 178, 2, 2, 'installation', 'comfirmed', NULL, NULL),
(250, '2018-03-04 17:37', '2018-03-04 18:00', 28, 1, 90, 106, 2, 3, 'Aimable', 'comfirmed', NULL, NULL),
(251, '2018-03-04 17:45', '2018-03-04 18:00', 22, 1, 90, 96, 2, 2, 'akazi', 'comfirmed', NULL, NULL),
(252, '2018-03-06 08:25', '2018-03-06 09:00', 20, 1, 111, 179, 2, 2, 'Fix ip', 'pending', NULL, NULL),
(253, '2018-03-06 10:00', '2018-03-06 10:30', 20, 1, 179, 111, 3, 2, 'Meet with supports', 'pending', NULL, NULL),
(254, '2018-03-20 17:57', '2018-03-20 19:57', 1, 1, 111, 126, 1, 2, 'test', 'confirmed', NULL, NULL),
(255, '2018-03-20 17:27', '2018-03-20 18:06', 56, 1, 111, 180, 1, 2, 'yes', 'pending', NULL, NULL),
(256, '2018-03-20 17:29', '2018-03-20 18:10', 56, 1, 111, 113, 1, 2, 'yes', 'pending', NULL, NULL),
(257, '2018-03-28 14:51', '2018-03-28 15:51', 57, 1, 111, 118, 1, 2, 'update', 'pending', NULL, NULL),
(258, '2018-03-30 16:30', '2018-03-30 17:00', 24, 1, 111, 109, 2, 2, 'Support', 'pending', NULL, NULL),
(259, '2018-04-04 14:53', '2018-04-04 17:53', 57, 1, 111, 182, 1, 2, 'Machine Yazimye njyiye kumufasha', 'confirmed', NULL, NULL),
(260, '2018-04-11 10:03', '2018-04-11 12:03', 57, 1, 94, 183, 1, 2, 'Ishyiga nago riri kwaka', 'pending', NULL, NULL),
(261, '2018-04-16 19:00', '2018-04-16 22:29', 1, 1, 126, 92, 1, 1, 'good', 'confirmed', NULL, NULL),
(262, '2018-04-16 19:00', '2018-04-16 22:00', 1, 1, 92, 113, 1, 1, 'good', 'confirmed', NULL, NULL),
(263, '2018-04-16 19:45', '2018-04-16 22:17', 22, 1, 92, 97, 1, 1, '1234', 'confirmed', NULL, NULL),
(264, '2018-04-17 16:00', '2018-04-17 16:30', 24, 1, 118, 111, 1, 2, 'PLEASE COME  ON TIME', 'pending', NULL, NULL),
(266, '2018-04-17 17:36', '2018-04-17 18:36', 22, 1, 111, 113, 2, 2, 'yu', 'confirmed', NULL, NULL),
(267, '2018-04-18 10:39', '2018-04-18 11:39', 22, 1, 113, 111, 1, 2, 'TEST', 'confirmed', NULL, NULL),
(269, '2018-04-18 13:54', '2018-04-18 16:54', 57, 1, 183, 111, 1, 2, 'INAMA', 'pending', NULL, NULL),
(271, '2018-04-19 14:30', '2018-04-19 15:15', 20, 1, 184, 97, 3, 2, 'Install autobackup', 'confirmed', NULL, NULL),
(272, '2018-02-22 10:39', '2018-04-19 14:11', 57, 1, 185, 183, 1, 2, 'Ishyiga kuri client nago ryaka', 'pending', NULL, NULL),
(273, '2018-04-19 11:15', '2018-04-19 12:15', 61, 15, 177, 136, 2, 5, 'just', 'confirmed', NULL, NULL),
(274, '2018-04-20 10:30', '2018-04-20 12:00', 4, 1, 99, 99, 1, 1, 'kurreba umu client mu gatsata (pro water ltd)', 'pending', NULL, NULL),
(275, '2018-04-23 12:00', '2018-04-23 13:00', 61, 15, 177, 136, 2, 5, 'just', 'pending', NULL, NULL),
(276, '2018-04-23 13:18', '2018-04-23 14:18', 61, 20, 177, 136, 2, 6, 'JUST IMPORTATION', 'pending', NULL, NULL),
(277, '2018-04-23 12:53', '2018-04-23 14:50', 58, 2, 111, 92, 2, 1, 'backup', 'confirmed', NULL, NULL),
(278, '2018-04-23 13:37', '2018-04-23 13:55', 28, 1, 111, 187, 2, 3, 'Dealing', 'confirmed', NULL, NULL),
(279, '2018-04-23 14:10', '2018-04-23 14:30', 20, 1, 184, 111, 3, 2, 'Ngiye mu nama', 'pending', NULL, NULL),
(280, '2018-04-23 16:09', '2018-04-23 17:00', 21, 1, 111, 92, 2, 3, 'on bank', 'pending', NULL, NULL),
(281, '2018-04-23 17:10', '2018-04-23 18:10', 80, 1, 188, 188, 2, 3, 'Contract', 'confirmed', NULL, NULL),
(282, '2018-04-24 11:30', '2018-04-24 12:00', 80, 2, 111, 189, 2, 3, 'PAYMENT&NEW CONTRACT', 'ongoing', NULL, NULL),
(283, '2018-04-25 09:00', '2018-04-25 14:00', 28, 1, 112, 1, 3, 4, 'Optel', 'confirmed', NULL, NULL),
(284, '2018-04-24 08:04', '2018-04-24 17:04', 38, 2, 1, 190, 1, 1, 'Installation', 'pending', NULL, NULL),
(285, '2018-04-24 08:04', '2018-04-24 17:04', 38, 2, 1, 190, 2, 2, 'Installation', 'pending', NULL, NULL),
(286, '2018-04-24 08:04', '2018-04-24 17:04', 38, 2, 1, 190, 2, 2, 'Installation', 'pending', NULL, NULL),
(287, '2018-04-25 08:28', '2018-04-25 17:28', 38, 2, 135, 190, 2, 2, 'istallation', 'pending', NULL, NULL),
(288, '2018-04-25 09:30', '2018-04-25 09:45', 20, 1, 112, 132, 3, 2, 'Visit kuri pharmacies za Kimironko', 'pending', NULL, NULL),
(289, '2018-04-25 12:00', '2018-04-25 12:30', 20, 1, 132, 104, 1, 2, 'Kureba impamvu system itagenda', 'confirmed', NULL, NULL),
(290, '2018-04-25 13:30', '2018-04-25 14:00', 20, 1, 104, 111, 3, 2, 'Video issues', 'confirmed', NULL, NULL),
(291, '2018-04-25 09:16', '2018-04-25 11:11', 57, 1, 185, 99, 1, 2, 'The Celler hari report ', 'confirmed', NULL, NULL),
(292, '2018-04-25 16:00', '2018-04-25 16:30', 24, 3, 109, 118, 2, 2, 'Please come on time', 'confirmed', NULL, NULL),
(293, '2018-04-25 15:02', '2018-04-25 16:02', 22, 2, 113, 99, 2, 3, 'to deal with client', 'confirmed', NULL, NULL),
(294, '2018-04-25 15:33', '2018-04-25 17:00', 32, 2, 111, 188, 2, 2, 'Ishyiga not working', 'confirmed', NULL, NULL),
(295, '2018-04-25 08:00', '2018-04-25 17:00', 38, 1, 1, 190, 2, 2, 'Installation', 'pending', NULL, NULL),
(296, '2018-04-26 08:00', '2018-04-26 17:00', 38, 2, 1, 190, 2, 2, 'Installation', 'confirmed', NULL, NULL),
(297, '2018-04-26 08:20', '2018-04-26 09:00', 20, 1, 111, 193, 2, 2, 'Kureba SDC issues', 'pending', NULL, NULL),
(298, '2018-04-26 09:30', '2018-04-26 10:00', 20, 1, 193, 194, 1, 2, 'Stock yabo ntihura niri muri system. Basabye ubufasha', 'pending', NULL, NULL),
(299, '2018-04-26 11:00', '2018-04-26 12:00', 1, 2, 111, 99, 3, 2, 'kureba impamvu hari user udacuruza', 'confirmed', NULL, NULL),
(300, '2018-04-26 15:00', '2018-04-26 17:30', 28, 1, 111, 195, 2, 3, 'Vsdc', 'confirmed', NULL, NULL),
(301, '2018-04-26 12:00', '2018-04-26 12:30', 20, 1, 194, 111, 3, 2, 'Guhura na theo for support issues', 'confirmed', NULL, NULL),
(302, '2018-04-26 12:30', '2018-04-26 12:45', 1, 2, 99, 111, 3, 2, 'retour ku gishushu ', 'confirmed', NULL, NULL),
(303, '2018-04-26 13:10', '2018-04-26 13:30', 24, 2, 197, 111, 3, 2, 'retour gishushu', 'confirmed', NULL, NULL),
(304, '2018-04-26 17:30', '2018-04-26 19:00', 38, 2, 190, 1, 2, 2, 'installation process', 'confirmed', NULL, NULL),
(305, '2018-04-27 12:30', '2018-04-27 13:30', 80, 3, 198, 198, 2, 3, 'Visiting a new client', 'rejected', NULL, NULL),
(306, '2018-04-27 09:30', '2018-04-27 01:50', 57, 1, 185, 92, 1, 2, 'Teta', 'pending', NULL, NULL),
(307, '2018-04-27 09:30', '2018-04-27 10:50', 57, 1, 99, 92, 1, 2, 'Support', 'rejected', NULL, NULL),
(308, '2018-04-27 10:40', '2018-04-27 11:20', 20, 1, 111, 193, 3, 2, 'Bashaka ko mbafasha ibijyanye na tarif(rama,Mimi)', 'rejected', NULL, NULL),
(309, '2018-04-27 11:50', '2018-04-27 12:30', 20, 1, 193, 132, 3, 2, 'Visit', 'rejected', NULL, NULL),
(310, '2018-04-27 12:30', '2018-04-27 12:30', 80, 3, 188, 198, 2, 3, 'Visiting a customer', 'confirmed', NULL, NULL),
(311, '2018-04-27 12:30', '2018-04-27 13:30', 80, 1, 111, 198, 2, 3, 'Client visit', 'confirmed', NULL, NULL),
(312, '2018-04-30 09:00', '2018-04-30 09:30', 20, 1, 111, 104, 3, 2, 'Aranyereka ibibazo bafite mu ishyiga', 'rejected', NULL, NULL),
(313, '2018-04-30 10:40', '2018-04-30 11:20', 20, 1, 104, 179, 3, 2, 'Appointed', 'rejected', NULL, NULL),
(314, '2018-04-30 16:00', '2018-04-30 16:30', 81, 2, 111, 1, 2, 1, 'Gukorana na Denise Kuri cloud', 'rejected', NULL, NULL),
(315, '2018-04-30 14:30', '2018-04-30 15:00', 1, 2, 111, 126, 3, 2, 'kureba facture ya eastgate batabona', 'rejected', NULL, NULL),
(316, '2018-04-30 15:32', '2018-04-30 18:32', 28, 2, 111, 1, 3, 4, 'Ortranz', 'confirmed', NULL, NULL),
(317, '2018-04-30 12:59', '2018-04-30 14:59', 57, 1, 111, 199, 1, 1, 'support', 'confirmed', NULL, NULL),
(318, '2018-05-01 07:30', '2017-05-01 11:00', 38, 2, 1, 190, 2, 2, 'installation process', 'pending', NULL, NULL),
(319, '2018-05-01 07:30', '2017-05-01 11:00', 38, 2, 1, 190, 2, 2, 'installation process', 'pending', NULL, NULL),
(320, '2018-05-02 07:30', '2018-05-01 11:55', 38, 2, 1, 190, 2, 2, 'installation process', 'rejected', NULL, NULL),
(321, '2018-05-01 07:30', '2018-05-01 11:55', 38, 2, 1, 190, 2, 2, 'installation process', 'confirmed', NULL, NULL),
(322, '2018-05-01 16:30', '2018-05-01 19:00', 38, 2, 190, 1, 2, 2, 'installation process', 'confirmed', NULL, NULL),
(323, '2018-05-01 10:11', '2018-05-01 12:11', 57, 1, 200, 201, 1, 2, 'Support', 'rejected', NULL, NULL),
(324, '2018-05-01 11:00', '2018-05-01 11:40', 20, 2, 111, 202, 3, 2, 'Guhindura server', 'rejected', NULL, NULL),
(325, '2018-05-01 11:00', '2018-05-01 11:30', 24, 3, 203, 111, 3, 2, 'Come and peak me', 'rejected', NULL, NULL),
(326, '2018-05-01 09:00', '2018-05-01 10:00', 20, 2, 111, 108, 3, 2, 'Gushyira ishyiga kuri machine client\r\nNb. Network yaho yatunaniye NGO tubikore via anydesk', 'rejected', NULL, NULL),
(327, '2018-05-02 09:00', '2018-05-02 10:00', 20, 2, 111, 108, 3, 2, 'GuShyira ishyiga kuri machine client\r\nNb. Kubikora via anydesk byanze', 'confirmed', NULL, NULL),
(328, '2018-05-02 10:05', '2018-05-02 10:45', 20, 2, 108, 111, 3, 2, 'Bunker', 'confirmed', NULL, NULL),
(329, '2018-05-02 10:00', '2018-05-02 10:30', 21, 2, 184, 111, 3, 3, 'kugaruka gishushu', 'confirmed', NULL, NULL),
(330, '2018-05-02 11:30', '2018-05-02 12:00', 32, 2, 120, 111, 3, 2, 'Report issues', 'confirmed', NULL, NULL),
(331, '2018-05-02 11:27', '2018-05-02 14:27', 57, 1, 185, 201, 1, 2, 'Support', 'rejected', NULL, NULL),
(332, '2018-05-02 16:00', '2018-05-02 17:00', 2, 2, 111, 188, 3, 3, 'kureba umuclient', 'confirmed', NULL, NULL),
(333, '2018-05-02 14:40', '2018-05-02 15:00', 24, 3, 111, 118, 2, 2, 'technical', 'rejected', NULL, NULL),
(334, '2018-05-02 16:30', '2018-05-02 17:00', 24, 3, 118, 111, 3, 2, 'gukomeza anydesk', 'rejected', NULL, NULL),
(335, '2018-05-03 09:05', '2018-05-03 09:50', 82, 2, 112, 104, 3, 2, 'Ok.', 'confirmed', NULL, NULL),
(336, '2018-05-03 09:30', '2018-05-03 10:00', 32, 2, 204, 111, 3, 2, 'Bugtool', 'confirmed', NULL, NULL),
(337, '2018-05-03 09:45', '2018-05-03 10:00', 21, 2, 205, 111, 2, 3, 'gufata chk/revovery', 'confirmed', NULL, NULL),
(338, '2018-05-03 10:50', '2018-05-03 11:30', 1, 2, 111, 126, 3, 2, 'gushaka database yabo ya kera', 'confirmed', NULL, NULL),
(339, '2018-05-03 16:00', '2018-05-03 18:00', 57, 1, 206, 201, 1, 2, 'Support', 'confirmed', NULL, NULL),
(340, '2018-05-03 16:30', '2018-05-03 19:00', 38, 2, 190, 94, 2, 2, 'Training', 'confirmed', NULL, NULL),
(341, '2018-05-03 12:37', '2018-05-03 14:37', 57, 1, 206, 207, 1, 2, 'Support', 'confirmed', NULL, NULL),
(342, '2018-05-03 13:05', '2018-05-03 14:00', 27, 2, 111, 208, 1, 2, 'KUZANA PRINTOUT ZOSE', 'confirmed', NULL, NULL),
(343, '2018-05-02 15:00', '2018-05-03 15:30', 27, 1, 208, 210, 1, 2, 'kuzana printout hamwe no kujyana database', 'confirmed', NULL, NULL),
(344, '2018-05-04 09:20', '2018-05-04 09:50', 20, 1, 134, 184, 2, 2, 'Help', 'confirmed', NULL, NULL),
(345, '2018-05-04 11:00', '2018-05-04 11:20', 20, 1, 184, 111, 3, 2, 'Bunker', 'confirmed', NULL, NULL),
(346, '2018-05-04 10:00', '2018-05-04 11:10', 57, 1, 185, 101, 3, 2, 'Support', 'confirmed', NULL, NULL),
(347, '2018-05-04 12:00', '2018-05-04 12:20', 24, 3, 110, 111, 3, 2, 'Normal', 'confirmed', NULL, NULL),
(348, '2018-05-04 14:40', '2018-05-04 15:10', 81, 1, 112, 1, 1, 1, 'Gukorana na Denise kuri confirmation yi miti', 'confirmed', NULL, NULL),
(349, '2018-05-04 15:45', '2018-05-04 16:00', 27, 2, 111, 213, 1, 2, 'GUKEMURA IBIBAZO BAFITE', 'confirmed', NULL, NULL),
(350, '2018-05-07 11:00', '2018-05-07 12:00', 1, 2, 111, 193, 3, 2, 'guhindura machine', 'pending', NULL, NULL),
(351, '2018-05-07 13:00', '2018-05-07 13:30', 27, 1, 1, 111, 1, 2, 'support issues', 'pending', NULL, NULL),
(352, '2018-05-07 15:00', '2018-05-07 15:30', 20, 2, 111, 107, 3, 2, 'Backup issues', 'pending', NULL, NULL),
(353, '2018-05-07 14:20', '2018-05-07 14:50', 32, 2, 120, 98, 2, 2, 'Solve printout problems', 'pending', NULL, NULL),
(354, '2018-05-07 13:00', '2018-05-07 13:57', 57, 1, 200, 207, 1, 2, 'Support', 'pending', NULL, NULL),
(355, '2018-05-07 13:08', '2018-05-07 13:30', 1, 2, 193, 126, 1, 1, 'Facture issue', 'pending', NULL, NULL),
(356, '2018-05-07 17:00', '2018-05-07 18:00', 38, 2, 111, 121, 2, 1, 'Support', 'pending', NULL, NULL),
(357, '2018-05-08 13:30', '2018-05-08 14:00', 20, 2, 111, 97, 2, 2, 'Appointed', 'confirmed', NULL, NULL),
(358, '2018-05-08 09:00', '2018-05-08 09:30', 20, 2, 202, 111, 3, 2, 'Report issues', 'confirmed', NULL, NULL),
(359, '2018-05-08 10:40', '2018-05-08 11:30', 57, 1, 94, 206, 3, 2, 'Training', 'confirmed', NULL, NULL),
(360, '2018-05-08 15:30', '2018-05-08 16:30', 57, 1, 206, 214, 3, 2, 'Support', 'confirmed', NULL, NULL),
(361, '2018-05-08 10:20', '2018-05-08 10:40', 1, 2, 194, 111, 3, 2, 'Gusubira gishushu', 'confirmed', NULL, NULL),
(362, '2018-05-08 11:20', '2018-05-08 11:40', 1, 1, 111, 194, 3, 2, 'Nibagiweyo cable yanjye', 'confirmed', NULL, NULL),
(363, '2018-05-08 11:40', '2018-05-08 11:45', 1, 1, 194, 111, 3, 2, 'Kugaruka gishushu', 'confirmed', NULL, NULL),
(364, '2018-05-08 11:40', '2018-05-08 12:00', 24, 1, 206, 201, 2, 2, 'Support', 'confirmed', NULL, NULL),
(365, '2018-05-08 14:30', '2018-05-08 14:55', 81, 1, 111, 215, 2, 1, 'Technical issue on server with AOS LTD ', 'confirmed', NULL, NULL),
(366, '2018-05-03 11:00', '2018-05-03 11:30', 83, 2, 126, 111, 2, 2, 'empty pick', 'confirmed', NULL, NULL),
(367, '2018-05-03 11:25', '2018-05-03 11:35', 83, 2, 111, 205, 2, 2, 'empty pick', 'confirmed', NULL, NULL),
(368, '2018-05-03 12:00', '2018-05-03 12:30', 83, 2, 188, 111, 2, 2, 'empty pick', 'confirmed', NULL, NULL),
(369, '2018-05-03 16:00', '2018-05-03 17:00', 83, 2, 111, 190, 2, 2, 'empty pick', 'confirmed', NULL, NULL),
(370, '2018-05-03 18:00', '2018-05-03 18:30', 83, 2, 188, 111, 2, 2, 'empty pick ', 'confirmed', NULL, NULL),
(371, '2018-05-08 14:41', '2018-05-08 15:41', 57, 1, 201, 111, 3, 2, 'Internet', 'pending', NULL, NULL),
(372, '2018-05-07 11:00', '2018-05-07 11:30', 83, 2, 111, 188, 3, 2, 'empty pick', 'confirmed', NULL, NULL),
(373, '2018-05-07 12:00', '2018-05-07 12:30', 83, 2, 98, 111, 3, 2, 'empty pick', 'confirmed', NULL, NULL),
(374, '2018-05-07 12:38', '2018-05-07 12:50', 83, 2, 111, 206, 3, 2, 'agiye gufata jmv', 'confirmed', NULL, NULL),
(375, '2018-05-07 15:30', '2018-05-07 15:41', 83, 2, 111, 188, 3, 2, 'empty pick', 'confirmed', NULL, NULL),
(376, '2018-05-08 16:00', '2018-05-08 16:30', 83, 1, 111, 194, 2, 2, 'gufata isabelle', 'confirmed', NULL, NULL),
(377, '2018-05-08 16:02', '2018-05-08 16:30', 83, 1, 111, 188, 2, 2, 'gufata jmv allimed', 'confirmed', NULL, NULL),
(378, '2018-05-08 16:30', '2018-05-08 16:40', 83, 2, 111, 215, 3, 2, 'gufata ba josue telecom', 'confirmed', NULL, NULL),
(379, '2018-05-09 10:30', '2018-05-09 11:00', 27, 2, 111, 1, 2, 2, 'support odette kipharma', 'confirmed', NULL, NULL),
(380, '2018-05-09 12:00', '2018-05-09 13:00', 27, 2, 1, 213, 1, 1, 'update version', 'confirmed', NULL, NULL),
(381, '2018-05-09 11:40', '2018-05-09 12:00', 24, 3, 111, 216, 2, 2, 'SUPPORT', 'confirmed', NULL, NULL),
(382, '2018-05-09 12:20', '2018-05-09 14:20', 57, 1, 111, 199, 3, 2, 'kuzana check', 'confirmed', NULL, NULL),
(383, '2018-05-09 13:30', '2018-05-09 13:45', 1, 2, 126, 111, 3, 2, 'Gusubira gishushu', 'confirmed', NULL, NULL),
(384, '2018-05-09 14:05', '2018-05-09 14:05', 57, 1, 199, 111, 3, 2, 'Support', 'confirmed', NULL, NULL),
(385, '2018-05-09 12:15', '2018-05-09 12:20', 83, 2, 188, 111, 3, 2, 'Mvuye gutwara theo', 'confirmed', NULL, NULL),
(386, '2018-05-09 13:00', '2018-05-09 13:19', 83, 2, 216, 1, 3, 2, 'Gufata theo', 'confirmed', NULL, NULL),
(387, '2018-05-09 14:00', '2018-05-09 14:20', 83, 2, 199, 126, 3, 2, 'Gufata isabelle', 'confirmed', NULL, NULL),
(388, '2018-05-09 14:00', '2018-05-09 14:30', 83, 2, 111, 199, 2, 2, 'gufata ba JMV', 'confirmed', NULL, NULL),
(389, '2018-05-09 15:51', '2018-05-09 15:51', 26, 1, 112, 217, 1, 1, 'call ya Mr Mutembe', 'confirmed', NULL, NULL),
(390, '2018-05-09 17:00', '2018-05-09 17:00', 26, 2, 217, 112, 1, 1, 'Return', 'confirmed', NULL, NULL),
(391, '2018-05-17 17:00', '2018-05-09 17:30', 27, 2, 134, 218, 1, 2, 'updating version', 'confirmed', NULL, NULL),
(392, '2018-05-10 08:00', '2018-05-10 08:31', 82, 2, 111, 217, 2, 2, 'CONSEIL TOWN.', 'confirmed', NULL, NULL),
(393, '2018-05-09 20:15', '2018-05-09 20:30', 27, 2, 218, 188, 3, 2, 'Gutaha', 'confirmed', NULL, NULL),
(394, '2018-05-09 20:24', '2018-05-09 20:30', 83, 2, 111, 218, 2, 2, 'Gutahana theo', 'confirmed', NULL, NULL),
(395, '2018-05-09 21:00', '2018-05-09 21:25', 83, 2, 188, 111, 2, 2, 'Kugaruka gishushu', 'rejected', NULL, NULL),
(396, '2018-05-10 11:00', '2018-05-10 11:30', 24, 1, 8, 111, 2, 1, 'Support', 'rejected', NULL, NULL),
(397, '2018-05-10 10:42', '2018-05-10 13:30', 57, 1, 206, 214, 1, 2, 'Network installation', 'confirmed', NULL, NULL),
(398, '2018-05-10 15:00', '2018-05-10 15:30', 32, 1, 205, 112, 1, 2, 'Bug ', 'confirmed', NULL, NULL),
(399, '2018-05-09 16:09', '2018-05-09 16:30', 83, 2, 111, 119, 3, 2, 'gutahana', 'pending', NULL, NULL),
(400, '2018-05-09 16:40', '2018-05-09 17:00', 83, 2, 119, 98, 2, 2, 'gutahana fausca', 'confirmed', NULL, NULL),
(401, '2018-05-09 17:00', '2018-05-09 17:30', 83, 2, 98, 97, 2, 2, 'gutahana emelyne', 'confirmed', NULL, NULL),
(402, '2018-05-09 17:30', '2018-05-09 17:30', 83, 2, 97, 125, 2, 2, 'gutahana denyse', 'confirmed', NULL, NULL),
(403, '2018-05-09 18:00', '2018-05-09 18:15', 83, 2, 125, 218, 2, 2, 'kureba theo', 'confirmed', NULL, NULL),
(404, '2018-05-10 18:00', '2018-05-10 18:30', 24, 1, 111, 8, 2, 2, 'update', 'confirmed', NULL, NULL),
(405, '2018-05-11 10:30', '2018-05-11 11:00', 20, 1, 111, 99, 2, 2, 'Kubereka amaraporo\r\n', 'confirmed', NULL, NULL),
(406, '2018-05-11 10:30', '2018-05-11 11:00', 20, 1, 111, 225, 2, 2, 'amaraporo', 'confirmed', NULL, NULL),
(407, '2018-05-11 12:30', '2018-05-11 13:10', 20, 1, 225, 180, 2, 2, 'Clean queue', 'confirmed', NULL, NULL),
(408, '2018-05-11 09:40', '2018-05-11 10:00', 24, 2, 8, 111, 2, 2, 'Bug', 'confirmed', NULL, NULL),
(409, '2018-05-10 09:00', '2018-05-10 14:40', 22, 2, 111, 226, 2, 4, 'kwa nyirangarama', 'confirmed', NULL, NULL),
(410, '2018-05-10 09:00', '2018-05-10 14:00', 22, 2, 111, 226, 2, 4, 'nyirangarama', 'pending', NULL, NULL),
(411, '2018-05-10 14:50', '2018-05-10 15:50', 22, 2, 226, 111, 2, 4, 'kuva kwa nyirangarama', 'confirmed', NULL, NULL),
(412, '2018-05-11 11:20', '2018-05-11 12:30', 57, 1, 94, 111, 3, 2, 'Kugura ibikoresho bya installation', 'confirmed', NULL, NULL),
(413, '2018-05-11 13:20', '2018-05-10 13:55', 27, 2, 135, 111, 1, 2, 'meeting', 'pending', NULL, NULL),
(414, '2018-05-11 15:50', '2018-05-11 16:15', 27, 2, 111, 1, 2, 2, 'support agrotech', 'confirmed', NULL, NULL),
(415, '2018-05-11 16:30', '2018-05-11 17:00', 27, 1, 1, 111, 2, 2, 'back meeting ', 'confirmed', NULL, NULL),
(416, '2018-05-11 17:00', '2018-05-11 17:30', 82, 1, 112, 227, 1, 2, 'EMERGENCY.', 'pending', NULL, NULL),
(417, '2018-05-11 18:51', '2018-05-11 19:51', 57, 1, 111, 199, 1, 2, 'installation', 'pending', NULL, NULL),
(418, '2018-05-11 20:49', '2018-05-11 21:20', 27, 2, 111, 228, 3, 2, 'gh', 'pending', NULL, NULL),
(419, '2018-05-11 21:00', '2018-05-11 21:30', 24, 2, 111, 229, 3, 2, 'SUPPORT', 'pending', NULL, NULL),
(420, '2018-05-12 08:51', '2018-05-12 09:52', 57, 1, 94, 201, 1, 2, 'Support', 'pending', NULL, NULL),
(421, '2018-05-14 09:02', '2018-05-14 10:02', 57, 1, 185, 111, 3, 2, 'Gufata ibikoresho', 'confirmed', NULL, NULL),
(422, '2018-05-14 09:05', '2018-05-14 09:30', 2, 2, 111, 188, 2, 4, 'umukiriya ', 'confirmed', NULL, NULL),
(423, '2018-05-14 11:06', '2018-05-14 12:06', 2, 2, 188, 187, 2, 4, 'sheilla ajya plus250', 'confirmed', NULL, NULL),
(424, '2018-05-14 15:07', '2018-05-14 16:07', 2, 2, 111, 188, 2, 4, 'town', 'confirmed', NULL, NULL),
(425, '2018-05-14 12:50', '2018-05-14 13:20', 20, 1, 225, 111, 3, 2, 'Bunker', 'confirmed', NULL, NULL),
(426, '2018-05-14 12:20', '2018-05-14 12:45', 27, 2, 1, 111, 2, 2, 'meeting  with denyse to make a report', 'confirmed', NULL, NULL),
(427, '2018-05-14 15:00', '2018-05-14 15:15', 24, 1, 111, 230, 2, 2, 'SUPPORT', 'confirmed', NULL, NULL),
(428, '2018-05-14 16:12', '2018-05-14 17:00', 28, 2, 1, 111, 3, 4, 'kugaruka gishushu', 'confirmed', NULL, NULL),
(429, '2018-05-14 16:00', '2018-05-14 16:15', 83, 2, 111, 1, 2, 4, 'gutwara BOSS', 'confirmed', NULL, NULL),
(430, '2018-05-14 14:16', '2018-05-14 14:30', 83, 2, 111, 1, 2, 2, 'gufata theo', 'confirmed', NULL, NULL),
(431, '2018-05-14 17:20', '2018-05-14 17:30', 83, 2, 1, 111, 3, 4, 'kujyana sheila ville', 'confirmed', NULL, NULL),
(432, '2018-05-14 17:26', '2018-05-14 17:40', 2, 2, 111, 188, 3, 4, 'kureba umukiriya', 'confirmed', NULL, NULL),
(433, '2018-05-15 12:00', '2018-05-15 12:30', 24, 2, 232, 111, 2, 2, 'Support', 'confirmed', NULL, NULL),
(434, '2018-05-15 11:34', '2018-05-15 11:45', 57, 1, 111, 233, 1, 2, 'support', 'confirmed', NULL, NULL),
(435, '2018-05-11 16:16', '2018-05-11 16:30', 83, 2, 111, 125, 3, 2, 'gutahana denyse', 'confirmed', NULL, NULL),
(436, '2018-05-11 16:30', '2018-05-11 16:40', 83, 2, 125, 229, 3, 2, 'gutahana telesphore', 'confirmed', NULL, NULL),
(437, '2018-05-11 16:50', '2018-05-11 16:55', 83, 2, 229, 185, 3, 2, 'gutahana odette', 'confirmed', NULL, NULL),
(438, '2018-05-11 17:00', '2018-05-11 17:31', 83, 2, 185, 234, 3, 2, 'gutahana theo', 'confirmed', NULL, NULL),
(439, '2018-05-11 17:32', '2018-05-11 18:00', 83, 2, 234, 111, 3, 2, 'kugaruka gishushu', 'confirmed', NULL, NULL),
(440, '2018-05-15 14:35', '2018-05-15 14:40', 28, 2, 111, 195, 3, 3, 'bk', 'confirmed', NULL, NULL),
(441, '2018-05-15 15:00', '2018-05-15 15:36', 28, 2, 195, 111, 2, 3, 'kugaruka bunker', 'confirmed', NULL, NULL),
(442, '2018-05-15 16:00', '2018-05-15 16:30', 32, 2, 111, 235, 3, 2, 'support ', 'confirmed', NULL, NULL),
(443, '2018-05-15 15:30', '2018-05-15 15:45', 27, 2, 111, 131, 2, 2, 'support', 'confirmed', NULL, NULL),
(444, '2018-05-15 17:19', '2018-05-15 17:19', 83, 2, 218, 111, 2, 2, 'empty', 'confirmed', NULL, NULL),
(445, '2018-05-15 19:00', '2018-05-15 19:30', 32, 2, 235, 111, 2, 2, 'Gutaha', 'pending', NULL, NULL),
(446, '2018-05-15 19:48', '2018-05-15 20:15', 27, 2, 113, 111, 1, 2, 'Suppor ', 'confirmed', NULL, NULL),
(447, '2018-05-16 09:00', '2018-05-16 09:30', 20, 1, 111, 113, 1, 2, 'Kubashyiriramo db', 'confirmed', NULL, NULL),
(448, '2018-05-16 13:00', '2018-05-16 13:30', 27, 2, 1, 111, 2, 2, 'LUNCH', 'confirmed', NULL, NULL),
(449, '2018-05-16 13:18', '2018-05-16 14:17', 57, 1, 233, 199, 1, 2, 'Support', 'confirmed', NULL, NULL),
(450, '2018-05-16 17:50', '2018-05-16 18:15', 27, 2, 208, 111, 1, 2, 'to make report', 'confirmed', NULL, NULL),
(451, '2018-05-17 10:15', '2018-05-17 10:30', 24, 2, 219, 111, 2, 2, 'Support', 'confirmed', NULL, NULL),
(452, '2018-05-17 10:20', '2018-05-17 10:40', 20, 2, 112, 236, 2, 2, 'Ishyiga issues', 'confirmed', NULL, NULL),
(453, '2018-05-17 10:30', '2018-05-17 11:30', 57, 1, 94, 233, 3, 2, 'Training', 'confirmed', NULL, NULL),
(454, '2018-05-17 11:45', '2018-05-17 12:00', 27, 2, 135, 134, 2, 2, 'support', 'confirmed', NULL, NULL),
(455, '2018-05-17 13:00', '2018-05-17 13:30', 20, 1, 124, 180, 2, 2, 'Prob queues', 'confirmed', NULL, NULL),
(456, '2018-05-17 13:40', '2018-05-17 14:00', 20, 1, 180, 111, 3, 2, 'Bunker', 'confirmed', NULL, NULL),
(457, '2018-05-15 13:33', '2018-05-15 14:33', 22, 2, 201, 111, 3, 2, 'derrick kugaruka gishushu', 'confirmed', NULL, NULL),
(458, '2018-05-17 13:00', '2018-05-17 13:45', 26, 1, 217, 111, 3, 1, 'O', 'confirmed', NULL, NULL),
(459, '2018-05-17 12:45', '2018-05-17 13:00', 83, 1, 111, 185, 3, 4, 'Gufata corneille', 'confirmed', NULL, NULL),
(460, '2018-05-17 14:20', '2018-05-17 14:30', 24, 3, 111, 233, 2, 2, 'supports', 'confirmed', NULL, NULL),
(461, '2018-05-17 09:30', '2018-05-17 09:30', 83, 1, 111, 185, 3, 4, 'Gufata jmv', 'confirmed', NULL, NULL),
(462, '2018-05-17 11:05', '2018-05-17 11:05', 83, 1, 199, 99, 3, 4, 'Naringarutse bunker', 'confirmed', NULL, NULL),
(463, '2018-05-17 10:40', '2018-05-17 10:50', 83, 2, 103, 97, 3, 4, 'Gufata odette', 'confirmed', NULL, NULL),
(464, '2018-05-17 14:43', '2018-05-17 15:00', 32, 2, 111, 205, 3, 2, 'new assurance', 'confirmed', NULL, NULL),
(465, '2018-05-17 15:10', '2018-05-17 15:40', 20, 1, 180, 236, 3, 2, 'Ishyiga issues', 'confirmed', NULL, NULL),
(466, '2018-05-17 14:53', '2018-05-17 14:54', 83, 1, 99, 99, 1, 4, 'Kugaruka bunker', 'pending', NULL, NULL),
(467, '2018-05-17 15:00', '2018-05-17 15:00', 27, 2, 134, 111, 2, 2, 'fixing vine issued', 'confirmed', NULL, NULL),
(468, '2018-05-17 15:30', '2018-05-17 15:50', 27, 2, 111, 1, 2, 2, 'FINALIZE DENYSE REPORT', 'confirmed', NULL, NULL),
(469, '2018-05-17 16:00', '2018-05-17 16:30', 21, 1, 112, 224, 2, 3, 'recovery issue', 'confirmed', NULL, NULL),
(470, '2018-05-17 16:50', '2018-05-17 17:10', 20, 2, 236, 111, 3, 2, 'Bunk', 'confirmed', NULL, NULL),
(471, '2018-05-16 09:06', '2018-05-16 09:30', 2, 2, 102, 99, 3, 4, 'kureba client', 'confirmed', NULL, NULL),
(472, '2018-05-16 10:08', '2018-05-16 10:30', 2, 2, 187, 99, 3, 4, 'kureba client', 'confirmed', NULL, NULL),
(473, '2018-05-16 14:11', '2018-05-16 15:12', 28, 2, 106, 237, 2, 4, 'client', 'confirmed', NULL, NULL),
(474, '2018-05-18 06:30', '2018-05-18 10:13', 28, 2, 111, 226, 2, 1, 'SINA', 'confirmed', NULL, NULL),
(475, '2018-05-17 10:40', '2018-05-17 11:00', 83, 1, 111, 1, 3, 1, 'Gufata roza', 'confirmed', NULL, NULL),
(476, '2018-05-18 09:30', '2018-05-18 10:00', 4, 1, 94, 92, 2, 1, 'guhindura serveur lando', 'confirmed', NULL, NULL),
(477, '2018-05-18 09:36', '2018-05-18 09:36', 83, 2, 99, 99, 3, 4, 'To bunker', 'confirmed', NULL, NULL),
(478, '2018-05-18 11:30', '2018-05-18 11:45', 24, 1, 219, 112, 3, 2, 'Support', 'confirmed', NULL, NULL),
(479, '2018-05-18 15:40', '2016-10-01 00:00', 20, 1, 111, 129, 3, 2, 'Visit', 'pending', NULL, NULL),
(480, '2018-05-18 15:40', '2018-05-18 16:10', 20, 1, 111, 129, 3, 2, 'Visit', 'confirmed', NULL, NULL),
(481, '2018-05-18 10:00', '2018-05-18 10:30', 2, 1, 111, 188, 1, 4, 'client', 'confirmed', NULL, NULL),
(482, '2018-05-18 10:00', '2018-05-18 10:30', 22, 1, 185, 92, 2, 1, 'gutwara joshua kwa lando', 'confirmed', NULL, NULL),
(483, '2018-05-18 16:20', '2018-05-18 16:40', 20, 2, 129, 111, 3, 2, 'Bunk', 'confirmed', NULL, NULL),
(484, '2018-05-18 16:39', '2018-05-18 17:39', 57, 1, 111, 233, 1, 2, 'training', 'confirmed', NULL, NULL),
(485, '2018-05-18 18:40', '2018-05-18 19:40', 57, 1, 233, 201, 1, 2, 'guhura na boss', 'confirmed', NULL, NULL),
(486, '2018-05-18 18:20', '2018-05-18 18:40', 27, 1, 134, 131, 1, 2, 'support', 'confirmed', NULL, NULL),
(487, '2018-05-19 09:00', '2018-05-19 09:30', 82, 1, 111, 217, 2, 2, 'Conseil Ville.', 'confirmed', NULL, NULL),
(488, '2018-05-19 13:10', '2018-05-19 13:30', 82, 2, 217, 111, 2, 2, 'CG', 'confirmed', NULL, NULL),
(489, '2018-05-21 10:30', '2018-05-21 11:57', 57, 1, 200, 233, 3, 2, 'Training', 'confirmed', NULL, NULL),
(490, '2018-05-21 11:30', '2018-05-21 12:00', 24, 1, 221, 111, 2, 2, 'SUPPORT', 'confirmed', NULL, NULL),
(491, '2018-05-18 13:50', '2018-05-18 14:50', 22, 2, 226, 111, 3, 1, 'kugaruka', 'confirmed', NULL, NULL),
(492, '2018-05-22 08:30', '2018-05-22 09:30', 38, 2, 94, 92, 2, 2, 'Support', 'confirmed', NULL, NULL),
(493, '2018-05-22 10:30', '2018-05-22 11:00', 20, 1, 111, 132, 3, 2, 'Client update yanze', 'confirmed', NULL, NULL),
(494, '2018-05-22 09:08', '2018-05-22 09:08', 83, 2, 111, 99, 3, 4, 'Bunker to tawn', 'confirmed', NULL, NULL),
(495, '2018-05-19 11:04', '2018-05-19 12:05', 83, 1, 188, 111, 3, 2, 'maze gutwara fidele', 'confirmed', NULL, NULL),
(496, '2018-05-22 10:30', '2018-05-22 10:30', 83, 2, 99, 99, 3, 4, 'Chet lando to bunker', 'pending', NULL, NULL),
(497, '2018-05-22 10:30', '2018-05-22 10:30', 83, 2, 99, 99, 3, 4, 'Chet lando to bunker', 'pending', NULL, NULL),
(498, '2018-05-18 18:40', '2018-05-18 19:09', 83, 2, 111, 233, 3, 2, 'gufata jmv', 'confirmed', NULL, NULL),
(499, '2018-05-18 19:10', '2018-05-18 19:30', 83, 2, 233, 125, 3, 2, 'gutahana denyse', 'confirmed', NULL, NULL),
(500, '2018-05-18 19:11', '2018-05-18 19:30', 83, 2, 125, 233, 3, 2, 'gufata jmv', 'confirmed', NULL, NULL),
(501, '2018-05-18 19:30', '2018-05-18 20:12', 83, 2, 233, 111, 3, 2, 'gusubira gishushu', 'confirmed', NULL, NULL),
(502, '2018-05-22 10:30', '2018-05-22 12:37', 83, 2, 113, 99, 3, 4, 'Gutwara rinda', 'confirmed', NULL, NULL);
INSERT INTO `fluid_booking` (`id`, `start_time`, `end_time`, `id_user`, `car_id`, `id_place0`, `id_placef`, `status_id`, `departments_id`, `description`, `rank`, `created_at`, `updated_at`) VALUES
(503, '2018-05-22 14:30', '2018-05-22 14:45', 24, 3, 232, 239, 1, 2, 'SUPPORT', 'confirmed', NULL, NULL),
(504, '2018-05-22 15:20', '2018-05-22 15:40', 24, 3, 239, 111, 2, 2, 'Support', 'confirmed', NULL, NULL),
(505, '2018-05-22 15:06', '2018-05-22 16:06', 2, 2, 111, 188, 3, 2, 'kureba umukiriya', 'confirmed', NULL, NULL),
(506, '2018-05-22 17:19', '2018-05-22 18:00', 27, 2, 111, 1, 2, 2, 'SUPPORT', 'confirmed', NULL, NULL),
(507, '2018-05-22 17:45', '2018-05-22 17:45', 83, 2, 1, 99, 3, 4, 'Khipharma to bunker', 'confirmed', NULL, NULL),
(508, '2018-05-22 19:15', '2018-05-22 20:15', 57, 1, 111, 214, 1, 2, 'SUPPORT', 'confirmed', NULL, NULL),
(509, '2018-05-23 10:04', '2018-05-23 10:30', 27, 2, 210, 1, 1, 2, 'support', 'confirmed', NULL, NULL),
(510, '2018-05-23 10:30', '2018-05-23 11:00', 30, 2, 1, 111, 2, 2, 'support issue', 'confirmed', NULL, NULL),
(511, '2018-05-23 11:00', '2018-05-23 11:30', 57, 1, 94, 214, 1, 2, 'Support', 'confirmed', NULL, NULL),
(512, '2018-05-23 14:05', '2018-05-23 13:05', 80, 1, 240, 241, 2, 3, 'Meeting', 'confirmed', NULL, NULL),
(513, '2018-05-23 14:50', '2018-05-23 15:20', 27, 2, 111, 1, 2, 2, 'Support', 'confirmed', NULL, NULL),
(514, '2018-05-23 16:40', '2018-05-23 17:00', 20, 2, 100, 111, 1, 2, 'Denyse ntabwo arimo gukora', 'confirmed', NULL, NULL),
(515, '2018-05-23 19:00', '2018-05-23 20:30', 38, 2, 226, 94, 2, 2, 'Install', 'confirmed', NULL, NULL),
(516, '2018-05-24 10:00', '2018-05-24 10:30', 21, 1, 112, 242, 1, 3, 'RECOVERY ISSUES', 'confirmed', NULL, NULL),
(517, '2018-05-24 10:30', '2018-05-24 11:00', 21, 2, 242, 94, 1, 3, 'RECOVERY ISSUES', 'confirmed', NULL, NULL),
(518, '2018-05-24 11:30', '2018-05-24 11:50', 21, 1, 94, 243, 1, 3, 'RECOVERY ISSUES', 'confirmed', NULL, NULL),
(519, '2018-05-24 13:40', '2018-05-24 14:30', 4, 2, 111, 106, 2, 1, 'meeting ineza Arlette', 'confirmed', NULL, NULL),
(520, '2018-05-25 11:20', '2018-05-25 11:40', 20, 2, 134, 179, 3, 2, 'Kpi visit', 'confirmed', NULL, NULL),
(521, '2018-05-25 11:20', '2018-05-25 11:40', 20, 2, 134, 179, 3, 2, 'Kpi visit', 'pending', NULL, NULL),
(522, '2018-05-28 08:00', '2018-05-28 16:30', 38, 2, 112, 226, 2, 2, 'installation process', 'confirmed', NULL, NULL),
(523, '2018-05-28 10:15', '2018-05-28 12:33', 83, 2, 112, 226, 3, 2, 'Trefol na uwe', 'confirmed', NULL, NULL),
(524, '2018-05-28 13:35', '2018-05-28 13:58', 27, 2, 213, 111, 2, 2, 'lunch', 'confirmed', NULL, NULL),
(525, '2018-05-28 14:30', '2018-05-28 15:40', 1, 2, 111, 99, 3, 2, 'kureba umukiriya', 'confirmed', NULL, NULL),
(526, '2018-05-23 14:47', '2018-05-23 16:47', 22, 2, 226, 111, 3, 2, 'kwa nyirangarama', 'confirmed', NULL, NULL),
(527, '2018-05-28 14:49', '2018-05-28 15:00', 80, 2, 111, 188, 3, 3, 'gufata raporo', 'confirmed', NULL, NULL),
(528, '2018-05-28 15:43', '2018-05-28 15:50', 83, 2, 188, 111, 3, 3, 'gutwara joshua', 'confirmed', NULL, NULL),
(529, '2018-05-28 19:20', '2018-05-28 20:30', 38, 2, 226, 94, 2, 2, 'Installation process', 'confirmed', NULL, NULL),
(530, '2018-05-28 16:50', '2018-05-28 17:20', 32, 2, 202, 244, 2, 2, 'SUPPORT', 'confirmed', NULL, NULL),
(531, '2018-05-28 16:30', '2018-05-28 17:00', 20, 2, 111, 202, 3, 2, 'Rama', 'confirmed', NULL, NULL),
(532, '2018-05-28 10:00', '2018-05-28 11:31', 83, 2, 226, 111, 3, 2, 'gutwara telesphore na uwe', 'confirmed', NULL, NULL),
(533, '2018-05-28 18:43', '2018-05-28 18:55', 27, 2, 111, 124, 2, 2, 'support', 'pending', NULL, NULL),
(534, '2018-05-28 19:30', '2018-05-28 18:20', 27, 1, 124, 131, 2, 2, 'support', 'pending', NULL, NULL),
(535, '2018-05-29 07:30', '2018-05-29 09:50', 38, 2, 94, 190, 2, 2, 'New client followup', 'confirmed', NULL, NULL),
(536, '2018-05-29 07:30', '2018-05-29 08:12', 82, 1, 112, 238, 1, 2, 'Support.', 'confirmed', NULL, NULL),
(537, '2018-05-29 08:30', '2018-05-29 08:50', 20, 2, 238, 202, 3, 2, 'Rama ', 'confirmed', NULL, NULL),
(538, '2018-05-29 20:00', '2018-05-29 11:05', 83, 2, 94, 99, 3, 2, 'Gutwara tresipfor', 'confirmed', NULL, NULL),
(539, '2018-05-29 20:00', '2018-05-29 11:05', 83, 2, 94, 99, 3, 2, 'Gutwara tresipfor', 'confirmed', NULL, NULL),
(540, '2018-05-29 15:30', '2018-05-29 16:00', 20, 2, 111, 129, 3, 2, 'Sp', 'confirmed', NULL, NULL),
(541, '2018-05-29 15:00', '2018-05-29 15:00', 32, 2, 111, 205, 2, 2, 'support', 'confirmed', NULL, NULL),
(542, '2018-05-29 15:30', '2018-05-29 16:00', 24, 2, 111, 245, 2, 2, 'SUPPORT', 'confirmed', NULL, NULL),
(543, '2018-05-29 18:04', '2018-05-29 19:30', 38, 2, 190, 94, 2, 2, 'Supprt', 'confirmed', NULL, NULL),
(544, '2018-05-29 18:00', '2018-05-29 19:30', 83, 2, 111, 190, 3, 2, 'Gutwara tresifol', 'confirmed', NULL, NULL),
(545, '2018-05-29 18:00', '2018-05-29 19:30', 83, 2, 99, 99, 3, 2, 'Gutwara tresifol', 'pending', NULL, NULL),
(546, '2018-05-30 09:30', '2018-05-30 10:00', 57, 2, 111, 207, 3, 1, 'suppot', 'confirmed', NULL, NULL),
(547, '2018-05-30 11:32', '2018-05-30 11:45', 57, 1, 207, 111, 1, 1, 'Enydesk', 'confirmed', NULL, NULL),
(548, '2018-05-30 12:00', '2018-05-30 12:30', 24, 1, 216, 112, 3, 2, 'Support', 'confirmed', NULL, NULL),
(549, '2018-05-30 11:30', '2018-05-30 12:00', 83, 2, 111, 216, 1, 2, 'pick odette from jyambere to bunker', 'pending', NULL, NULL),
(550, '2018-05-30 11:30', '2017-12-01 12:00', 83, 2, 111, 216, 1, 2, 'gutwara odette from jyambere to bunker', 'confirmed', NULL, NULL),
(551, '2018-05-30 12:30', '2018-05-30 01:00', 83, 2, 111, 1, 1, 4, 'kureba boss kipharma', 'confirmed', NULL, NULL),
(552, '2018-05-30 01:00', '2018-05-30 01:30', 30, 2, 1, 111, 1, 2, 'support issues', 'confirmed', NULL, NULL),
(553, '2018-05-30 15:32', '2018-05-30 15:40', 57, 1, 111, 233, 1, 1, 'support', 'confirmed', NULL, NULL),
(554, '2018-05-30 15:43', '2018-05-30 16:30', 20, 2, 233, 129, 3, 2, 'Support', 'confirmed', NULL, NULL),
(555, '2018-05-30 18:00', '2018-05-30 18:58', 57, 1, 201, 183, 1, 2, 'Support', 'confirmed', NULL, NULL),
(556, '2018-05-31 12:50', '2018-05-31 13:15', 20, 2, 225, 111, 3, 2, 'Id', 'confirmed', NULL, NULL),
(557, '2018-05-31 15:10', '2018-05-31 15:40', 20, 2, 111, 97, 3, 2, 'Version', 'confirmed', NULL, NULL),
(558, '2018-05-31 16:29', '2018-05-31 17:00', 22, 2, 230, 125, 3, 2, 'gutwara fidele', 'confirmed', NULL, NULL),
(559, '2018-05-31 17:00', '2018-05-31 18:36', 22, 2, 125, 104, 3, 2, 'gutwara fidele', 'confirmed', NULL, NULL),
(560, '2018-05-31 16:43', '2018-05-31 17:20', 27, 2, 111, 247, 1, 2, 'support', 'confirmed', NULL, NULL),
(561, '2018-06-01 10:07', '2018-06-01 10:30', 82, 1, 111, 217, 2, 2, 'Birihutirwa.', 'confirmed', NULL, NULL),
(562, '2018-06-01 16:00', '2018-06-01 16:40', 20, 2, 111, 121, 1, 2, 'Glaxy', 'confirmed', NULL, NULL),
(563, '2018-06-04 13:30', '2018-06-04 13:50', 20, 2, 111, 134, 2, 2, 'Vine', 'confirmed', NULL, NULL),
(564, '2018-06-05 07:30', '2018-06-05 18:00', 38, 2, 111, 226, 2, 2, 'TRAINING', 'confirmed', NULL, NULL),
(565, '2018-06-05 17:04', '2018-06-05 19:00', 38, 2, 226, 94, 1, 4, 'Follow up', 'confirmed', NULL, NULL),
(566, '2018-06-06 12:00', '2018-06-06 12:30', 24, 2, 220, 230, 1, 2, 'Support', 'confirmed', NULL, NULL),
(567, '2018-06-06 14:00', '2018-06-06 15:30', 71, 1, 111, 248, 1, 2, 'training', 'confirmed', NULL, NULL),
(568, '2018-06-06 18:30', '2018-06-06 18:45', 57, 2, 248, 233, 3, 2, 'support', 'pending', NULL, NULL),
(569, '2018-06-07 08:00', '2018-06-07 08:30', 20, 2, 111, 119, 1, 2, 'Format', 'confirmed', NULL, NULL),
(570, '2018-06-07 10:30', '2018-06-07 11:30', 57, 2, 94, 206, 1, 2, 'Support', 'confirmed', NULL, NULL),
(571, '2018-06-07 10:30', '2018-06-07 10:40', 20, 1, 112, 227, 1, 2, 'Conseil', 'confirmed', NULL, NULL),
(572, '2018-06-07 12:30', '2018-06-07 12:40', 1, 2, 193, 111, 3, 2, 'Bunker', 'confirmed', NULL, NULL),
(573, '2018-06-07 12:50', '2018-06-07 13:20', 20, 1, 111, 119, 2, 2, 'Ishyiga', 'confirmed', NULL, NULL),
(574, '2018-06-07 15:00', '2018-06-07 15:30', 20, 1, 119, 213, 1, 2, 'Ishy', 'confirmed', NULL, NULL),
(575, '2018-06-07 16:30', '2018-06-07 17:00', 32, 1, 112, 104, 2, 2, 'support', 'confirmed', NULL, NULL),
(576, '2018-06-08 10:30', '2018-06-08 11:30', 22, 2, 211, 111, 3, 3, 'recovery issue', 'confirmed', NULL, NULL),
(577, '2018-06-08 13:00', '2018-06-08 13:30', 20, 1, 119, 249, 1, 2, 'Medicale', 'confirmed', NULL, NULL),
(578, '2018-06-11 11:00', '2018-06-11 12:00', 71, 1, 250, 248, 3, 2, 'trainning', 'confirmed', NULL, NULL),
(579, '2018-06-11 12:40', '2018-06-11 13:01', 82, 2, 111, 104, 3, 2, 'Normal.', 'confirmed', NULL, NULL),
(580, '2018-06-11 14:15', '2018-06-11 14:26', 82, 2, 104, 111, 3, 2, 'Support.', 'confirmed', NULL, NULL),
(581, '2018-06-11 14:45', '2018-06-11 15:00', 27, 2, 213, 131, 2, 2, 'support', 'confirmed', NULL, NULL),
(582, '2018-06-11 15:30', '2018-06-11 16:04', 82, 1, 111, 217, 2, 2, 'Updates.', 'confirmed', NULL, NULL),
(583, '2018-06-11 16:00', '2018-06-11 15:20', 20, 2, 134, 111, 2, 2, 'Sup', 'confirmed', NULL, NULL),
(584, '2018-06-11 16:00', '2018-06-11 16:20', 20, 2, 134, 111, 2, 2, 'Sup', 'confirmed', NULL, NULL),
(585, '2018-06-11 16:40', '2018-06-11 17:00', 20, 2, 111, 251, 2, 2, 'Bsc', 'confirmed', NULL, NULL),
(586, '2018-06-12 14:00', '2018-06-12 15:00', 80, 2, 252, 221, 2, 4, 'Customer issues', 'confirmed', NULL, NULL),
(587, '2018-06-12 09:30', '2018-06-11 10:00', 82, 2, 111, 94, 2, 2, 'Kugura Ibikoresho bya Akedah.', 'confirmed', NULL, NULL),
(588, '2018-06-12 09:30', '2018-06-12 10:10', 82, 2, 111, 94, 3, 2, 'Kugura ibikoresho bya Akedah Pharmacy.', 'pending', NULL, NULL),
(589, '2018-06-12 10:00', '2018-06-12 11:00', 82, 1, 94, 253, 2, 2, 'Installation.', 'confirmed', NULL, NULL),
(590, '2018-06-12 12:30', '2018-06-12 13:16', 57, 1, 111, 124, 3, 2, 'SUPPORT', 'confirmed', NULL, NULL),
(591, '2018-06-12 15:15', '2018-06-12 15:30', 80, 1, 221, 252, 3, 4, 'Customer care', 'pending', NULL, NULL),
(592, '2018-06-12 16:40', '2018-06-12 17:00', 22, 2, 111, 181, 2, 1, 'Mtn', 'confirmed', NULL, NULL),
(593, '2018-06-12 17:00', '2018-06-12 17:50', 82, 2, 253, 111, 2, 2, 'Contract Reporting.', 'confirmed', NULL, NULL),
(594, '2018-06-13 14:30', '2018-06-13 15:00', 21, 2, 111, 94, 1, 3, 'RADIANT', 'confirmed', NULL, NULL),
(595, '2018-06-14 09:15', '2018-06-14 10:00', 21, 2, 252, 94, 1, 4, 'AFRICA MEDICAL SUPPLIER ISSUE', 'confirmed', NULL, NULL),
(596, '2018-06-14 10:00', '2018-06-14 10:30', 21, 2, 94, 252, 1, 4, 'WORK', 'confirmed', NULL, NULL),
(597, '2018-06-13 17:50', '2018-06-13 18:00', 32, 2, 111, 120, 2, 2, 'Support', 'pending', NULL, NULL),
(598, '2018-06-14 08:00', '2018-06-14 08:30', 82, 2, 111, 217, 2, 2, 'TOWN', 'confirmed', NULL, NULL),
(599, '2018-06-14 13:50', '2018-06-14 13:50', 71, 2, 111, 248, 2, 2, 'TRAININGS', 'confirmed', NULL, NULL),
(600, '2018-06-14 13:50', '2018-06-14 14:30', 71, 2, 112, 248, 2, 2, 'TRAININGS', 'confirmed', NULL, NULL),
(601, '2018-06-14 14:00', '2018-06-14 17:04', 38, 2, 111, 201, 1, 2, 'SUPPORT', 'pending', NULL, NULL),
(602, '2018-06-14 16:51', '2018-06-14 17:51', 71, 2, 248, 250, 3, 2, 'support', 'pending', NULL, NULL),
(603, '2018-06-18 09:15', '2018-06-18 09:45', 82, 2, 111, 217, 2, 2, 'Conseil ville', 'confirmed', NULL, NULL),
(604, '2018-06-18 12:30', '2018-06-18 13:00', 82, 2, 217, 227, 3, 2, 'CONSEIL KACYIRU.', 'confirmed', NULL, NULL),
(605, '2018-06-18 15:00', '2018-06-18 15:25', 82, 2, 99, 235, 3, 2, 'Support ', 'confirmed', NULL, NULL),
(606, '2018-06-18 16:30', '2018-06-18 17:00', 71, 2, 111, 250, 2, 2, 'UPDATE', 'confirmed', NULL, NULL),
(607, '2018-06-18 17:25', '2018-06-18 17:55', 82, 2, 111, 238, 3, 2, 'Conseil Nyarutarama ', 'confirmed', NULL, NULL),
(608, '2018-06-19 12:40', '2018-06-19 13:10', 82, 2, 111, 254, 3, 2, 'Updates.', 'confirmed', NULL, NULL),
(609, '2018-06-19 17:00', '2018-06-19 17:30', 24, 2, 111, 232, 1, 2, 'support', 'confirmed', NULL, NULL),
(610, '2018-06-20 13:00', '2018-06-20 13:30', 82, 2, 231, 114, 3, 2, 'Priceline. ', 'confirmed', NULL, NULL),
(611, '2018-06-21 09:45', '2018-06-21 10:30', 80, 2, 252, 96, 2, 4, 'Customer issues', 'confirmed', NULL, NULL),
(612, '2018-06-21 12:40', '2018-06-21 12:55', 20, 1, 111, 255, 2, 2, 'Sdc', 'confirmed', NULL, NULL),
(613, '2018-06-21 13:45', '2018-06-21 15:30', 4, 2, 111, 246, 2, 1, 'presentation vsdc', 'confirmed', NULL, NULL),
(614, '2018-06-21 10:27', '2018-06-21 13:00', 1, 2, 111, 253, 3, 2, 'raporo frss ntikunda', 'confirmed', NULL, NULL),
(615, '2018-06-19 13:33', '2018-06-19 13:33', 22, 2, 111, 256, 1, 1, 'BOSS', 'confirmed', NULL, NULL),
(616, '2018-06-22 09:30', '2018-06-22 10:30', 71, 2, 111, 248, 2, 2, 'trainings', 'confirmed', NULL, NULL),
(617, '2018-06-22 13:39', '2018-06-22 14:38', 71, 1, 112, 250, 3, 2, 'SUPPORT', 'confirmed', NULL, NULL),
(618, '2018-06-22 17:10', '2018-06-22 18:11', 57, 1, 111, 201, 3, 2, 'Support', 'pending', NULL, NULL),
(619, '2018-06-22 18:20', '2018-06-22 18:55', 27, 1, 1, 218, 1, 2, 'support ', 'pending', NULL, NULL),
(620, '2018-06-23 08:30', '2018-06-23 09:30', 71, 2, 111, 248, 2, 2, 'traning', 'pending', NULL, NULL),
(621, '2018-06-25 09:30', '2018-06-25 10:10', 71, 1, 250, 248, 2, 2, 'training', 'confirmed', NULL, NULL),
(622, '2018-06-25 10:30', '2018-06-25 10:50', 20, 2, 111, 255, 2, 2, 'Server ', 'confirmed', NULL, NULL),
(623, '2018-06-25 10:41', '2018-06-25 17:30', 84, 2, 99, 253, 2, 2, 'Continue training', 'confirmed', NULL, NULL),
(624, '2018-06-25 12:30', '2018-06-25 12:55', 71, 2, 248, 257, 3, 2, 'support', 'confirmed', NULL, NULL),
(625, '2018-06-25 12:40', '2018-06-25 13:00', 20, 2, 255, 111, 2, 2, 'Anydesk', 'confirmed', NULL, NULL),
(626, '2018-06-25 18:04', '2018-06-25 18:05', 84, 2, 253, 111, 2, 2, 'RETOUR', 'confirmed', NULL, NULL),
(627, '2018-06-26 08:30', '2018-06-26 09:30', 21, 2, 239, 226, 2, 2, 'training and recovery', 'confirmed', NULL, NULL),
(628, '2018-06-26 11:30', '2018-06-26 11:50', 24, 3, 219, 124, 2, 2, 'Support', 'confirmed', NULL, NULL),
(629, '2018-06-26 10:40', '2018-06-26 11:40', 32, 1, 120, 178, 2, 2, 'SUPPORT', 'confirmed', NULL, NULL),
(630, '2018-06-26 11:20', '2018-06-26 12:20', 83, 1, 111, 188, 3, 2, 'gufata odette', 'confirmed', NULL, NULL),
(631, '2018-06-26 11:30', '2018-07-03 12:31', 57, 1, 111, 94, 2, 2, 'Kugura ibikoresho', 'confirmed', NULL, NULL),
(632, '2018-06-26 12:43', '2018-06-26 13:40', 57, 1, 111, 101, 1, 2, 'Support', 'confirmed', NULL, NULL),
(633, '2018-06-26 14:30', '2018-06-26 14:45', 27, 2, 111, 1, 2, 2, 'support', 'confirmed', NULL, NULL),
(634, '2018-06-26 10:45', '2018-06-26 11:48', 83, 2, 226, 111, 3, 3, 'kuva gutwara ba denyse', 'confirmed', NULL, NULL),
(635, '2018-05-07 17:00', '2018-06-26 19:00', 38, 2, 226, 94, 2, 4, 'Follow up and training team compta', 'confirmed', NULL, NULL),
(636, '2018-06-27 11:15', '2018-06-27 12:15', 57, 1, 94, 206, 3, 2, 'Shpport', 'confirmed', NULL, NULL),
(637, '2018-06-27 14:21', '2018-06-27 14:30', 57, 1, 206, 182, 3, 2, 'Support', 'confirmed', NULL, NULL),
(638, '2018-06-28 10:20', '2018-06-28 11:00', 20, 1, 111, 90, 2, 2, 'Pmss', 'confirmed', NULL, NULL),
(639, '2018-06-28 14:30', '2018-06-28 15:30', 57, 2, 94, 201, 3, 2, 'Support', 'confirmed', NULL, NULL),
(640, '2018-06-28 14:55', '2018-06-28 15:55', 1, 1, 111, 126, 3, 2, 'Eastgate kubafasha reduction', 'confirmed', NULL, NULL),
(641, '2018-06-28 15:20', '2018-06-28 16:02', 71, 2, 111, 225, 3, 2, 'support', 'confirmed', NULL, NULL),
(642, '2018-06-28 16:00', '2018-06-28 16:30', 27, 1, 213, 210, 1, 2, 'support', 'confirmed', NULL, NULL),
(643, '2018-06-28 16:45', '2018-06-28 17:30', 71, 1, 225, 257, 3, 2, 'support', 'pending', NULL, NULL),
(644, '2018-06-29 10:00', '2018-06-29 10:30', 82, 2, 103, 114, 3, 2, 'Update ', 'pending', NULL, NULL),
(645, '2018-06-29 10:50', '2018-06-29 11:51', 57, 2, 111, 94, 3, 2, 'support', 'confirmed', NULL, NULL),
(646, '2018-06-29 11:01', '2018-06-29 11:30', 24, 2, 111, 203, 2, 2, 'support', 'pending', NULL, NULL),
(647, '2018-06-29 11:35', '2018-06-29 12:00', 24, 2, 203, 111, 2, 2, 'anydesk', 'pending', NULL, NULL),
(648, '2018-06-29 11:30', '2018-06-29 11:50', 82, 2, 231, 114, 3, 2, 'Support ', 'pending', NULL, NULL),
(649, '2018-06-29 12:52', '2018-06-29 13:00', 1, 2, 111, 260, 3, 2, 'installation', 'confirmed', NULL, NULL),
(650, '2018-06-29 13:17', '2018-06-29 14:20', 57, 2, 94, 201, 3, 2, 'Support', 'pending', NULL, NULL),
(651, '2018-06-29 13:40', '2018-06-29 14:15', 82, 2, 114, 231, 3, 2, 'Support.', 'pending', NULL, NULL),
(652, '2018-06-29 15:25', '2018-06-29 16:30', 71, 2, 111, 248, 3, 2, 'support', 'pending', NULL, NULL),
(653, '2018-06-29 15:30', '2018-06-29 16:29', 71, 2, 112, 257, 3, 2, 'support', 'pending', NULL, NULL),
(654, '2018-06-29 16:52', '2018-06-29 17:30', 21, 1, 252, 99, 2, 3, 'CUSTOMER ISSUES', 'confirmed', NULL, NULL),
(655, '2018-07-03 09:00', '2018-07-03 10:10', 82, 1, 111, 217, 2, 2, 'Short Training.', 'confirmed', NULL, NULL),
(656, '2018-07-03 10:13', '2018-07-03 11:07', 1, 1, 111, 193, 3, 2, 'Machine client yanze', 'confirmed', NULL, NULL),
(657, '2018-07-03 11:15', '2018-07-03 11:19', 1, 1, 193, 111, 3, 2, 'Back to bunker', 'confirmed', NULL, NULL),
(658, '2018-07-03 13:00', '2018-07-03 13:20', 82, 1, 217, 227, 3, 2, 'Support.', 'confirmed', NULL, NULL),
(659, '2018-07-03 18:50', '2018-07-03 19:30', 82, 1, 112, 114, 1, 2, 'Support.', 'confirmed', NULL, NULL),
(660, '2018-07-05 16:56', '2018-07-05 17:10', 32, 2, 111, 120, 3, 2, 'support', 'pending', NULL, NULL),
(661, '2018-07-06 10:00', '2018-07-06 11:30', 22, 2, 111, 193, 3, 2, 'Server yanze', 'confirmed', NULL, NULL),
(662, '2018-07-06 12:00', '2018-07-06 12:31', 22, 2, 193, 260, 3, 2, 'Installation', 'confirmed', NULL, NULL),
(663, '2018-07-06 15:00', '2018-07-06 16:32', 22, 2, 260, 111, 3, 2, 'Return', 'confirmed', NULL, NULL),
(664, '2018-07-09 15:14', '2018-07-16 15:15', 57, 2, 111, 94, 2, 2, 'kugura phone za Fuschia', 'pending', NULL, NULL),
(665, '2018-07-09 16:40', '2018-07-09 17:00', 20, 2, 111, 202, 2, 2, 'Sdc', 'confirmed', NULL, NULL),
(666, '2018-07-10 12:30', '2018-07-10 12:50', 20, 1, 112, 202, 1, 2, 'Connect', 'confirmed', NULL, NULL),
(667, '2018-07-10 16:00', '2018-07-10 17:00', 38, 2, 111, 92, 2, 2, 'help', 'confirmed', NULL, NULL),
(668, '2018-07-12 12:12', '2018-07-12 13:00', 26, 2, 111, 263, 1, 2, 'Backup sdc', 'confirmed', NULL, NULL),
(669, '2018-07-12 15:00', '2018-07-12 15:01', 27, 1, 111, 1, 1, 2, 'h', 'confirmed', NULL, NULL),
(670, '2018-07-12 16:50', '2018-07-12 17:20', 32, 2, 111, 264, 1, 2, 'support', 'confirmed', NULL, NULL),
(671, '2018-07-13 11:20', '2018-07-13 12:31', 71, 2, 99, 248, 3, 2, 'training', 'confirmed', NULL, NULL),
(672, '2018-07-13 13:00', '2018-07-13 13:30', 84, 1, 111, 265, 2, 2, 'Installation at Fuchsia', 'confirmed', NULL, NULL),
(673, '2018-07-13 13:30', '2018-07-13 14:00', 71, 1, 248, 111, 3, 2, 'ishyiga Clinic checking', 'confirmed', NULL, NULL),
(674, '2018-07-16 10:30', '2018-07-16 11:00', 82, 2, 111, 217, 3, 2, 'Support.', 'confirmed', NULL, NULL),
(675, '2018-07-13 10:19', '2018-07-13 11:19', 1, 2, 111, 260, 3, 2, 'ishyiga ryanze', 'confirmed', NULL, NULL),
(676, '2018-07-13 13:20', '2018-07-13 15:20', 1, 2, 260, 111, 3, 2, 'bunker', 'confirmed', NULL, NULL),
(677, '2018-07-16 16:25', '2018-07-16 17:26', 57, 2, 111, 266, 3, 2, 'SUPPORT', 'confirmed', NULL, NULL),
(678, '2018-07-17 10:00', '2018-07-17 10:20', 82, 1, 111, 103, 1, 2, 'Ishyiga ntiryaka.', 'confirmed', NULL, NULL),
(679, '2018-07-17 14:13', '2018-07-17 17:14', 57, 2, 111, 94, 1, 2, 'KUGURA IBIKORESHO', 'confirmed', NULL, NULL),
(680, '2018-07-17 15:40', '2018-07-17 15:50', 82, 2, 111, 227, 1, 2, 'Emergency.', 'confirmed', NULL, NULL),
(681, '2018-07-17 17:29', '2018-07-17 18:10', 71, 2, 257, 225, 3, 2, 'support', 'confirmed', NULL, NULL),
(682, '2018-07-17 18:00', '2018-07-17 21:01', 38, 2, 111, 92, 2, 2, 'SUPPORT', 'confirmed', NULL, NULL),
(683, '2018-07-18 09:49', '2018-07-18 11:49', 1, 2, 111, 267, 3, 2, 'ishyiga ryanze', 'confirmed', NULL, NULL),
(684, '2018-07-18 10:20', '2018-07-18 10:40', 82, 2, 231, 104, 1, 2, 'Support ', 'confirmed', NULL, NULL),
(685, '2018-07-18 10:30', '2018-07-18 10:40', 20, 2, 111, 270, 3, 2, 'Update', 'confirmed', NULL, NULL),
(686, '2018-07-18 10:52', '2018-07-18 10:53', 38, 2, 112, 94, 3, 4, 'Othe', 'confirmed', NULL, NULL),
(687, '2018-07-18 10:52', '2018-07-18 11:53', 38, 2, 111, 94, 3, 4, 'Other isuue', 'confirmed', NULL, NULL),
(688, '2018-07-18 12:14', '2018-07-18 13:14', 1, 2, 267, 111, 3, 2, 'Bunker', 'confirmed', NULL, NULL),
(689, '2018-07-18 02:00', '2018-07-19 04:59', 4, 2, 111, 246, 2, 1, 'vsdc certicication', 'confirmed', NULL, NULL),
(690, '2018-07-18 13:40', '2018-07-18 14:00', 20, 2, 270, 90, 1, 2, 'Update', 'confirmed', NULL, NULL),
(691, '2018-07-18 14:50', '2018-07-18 15:30', 32, 2, 135, 235, 3, 2, 'Support', 'confirmed', NULL, NULL),
(692, '2018-07-18 15:10', '2018-07-18 16:30', 71, 1, 111, 225, 3, 2, 'support', 'confirmed', NULL, NULL),
(693, '2018-07-18 16:05', '2018-07-18 16:30', 20, 2, 90, 111, 2, 2, 'Service', 'confirmed', NULL, NULL),
(694, '2018-07-19 11:30', '2018-07-19 11:50', 82, 2, 111, 125, 2, 2, 'Help.', 'confirmed', NULL, NULL),
(695, '2018-07-19 11:00', '2018-07-19 11:20', 20, 2, 134, 90, 3, 2, 'Update', 'confirmed', NULL, NULL),
(696, '2018-07-16 11:00', '2018-07-16 12:00', 22, 2, 268, 269, 3, 2, 'private routes', 'confirmed', NULL, NULL),
(697, '2018-07-17 11:01', '2018-07-17 12:01', 22, 2, 268, 269, 3, 3, 'private routes', 'confirmed', NULL, NULL),
(698, '2018-07-18 17:02', '2018-07-18 18:01', 22, 2, 268, 269, 2, 1, 'private routes', 'pending', NULL, NULL),
(699, '2018-07-19 14:15', '2018-07-19 14:30', 82, 2, 125, 227, 3, 2, 'support.', 'confirmed', NULL, NULL),
(700, '2018-07-19 16:00', '2018-07-19 18:21', 38, 2, 270, 99, 1, 2, 'Papyrus', 'confirmed', NULL, NULL),
(701, '2018-07-19 16:00', '2018-07-19 18:21', 38, 2, 270, 91, 1, 2, 'Papyrus', 'confirmed', NULL, NULL),
(702, '2018-07-20 10:00', '2018-07-20 10:30', 82, 2, 112, 271, 3, 2, 'Support.', 'confirmed', NULL, NULL),
(703, '2018-07-20 10:41', '2018-07-20 11:10', 71, 1, 225, 111, 2, 2, 'support', 'confirmed', NULL, NULL),
(704, '2018-07-20 12:46', '2018-07-20 12:55', 71, 1, 111, 272, 2, 2, 'support', 'confirmed', NULL, NULL),
(705, '2018-07-20 14:25', '2018-07-20 15:25', 1, 2, 111, 260, 3, 2, 'kubereka mvtout', 'confirmed', NULL, NULL),
(706, '2018-07-20 14:00', '2018-07-20 14:30', 82, 2, 271, 273, 2, 2, 'New Client ', 'confirmed', NULL, NULL),
(707, '2018-07-20 16:20', '2018-07-20 17:20', 38, 2, 270, 121, 2, 2, 'Support urgency', 'confirmed', NULL, NULL),
(708, '2018-07-20 16:25', '2018-07-20 18:00', 84, 2, 111, 265, 1, 2, 'TRAINING', 'confirmed', NULL, NULL),
(709, '2018-07-23 10:50', '2018-07-23 12:10', 20, 2, 111, 270, 2, 2, 'Sdc', 'confirmed', NULL, NULL),
(710, '2018-07-23 11:13', '2018-07-23 12:55', 71, 2, 111, 225, 3, 2, 'support', 'confirmed', NULL, NULL),
(711, '2018-07-23 11:44', '2018-07-23 12:44', 1, 2, 111, 267, 3, 2, 'Ishyiga reinstallation', 'confirmed', NULL, NULL),
(712, '2018-07-23 13:50', '2018-07-23 14:49', 71, 2, 225, 112, 3, 2, 'anydesk', 'confirmed', NULL, NULL),
(713, '2018-07-23 15:32', '2018-07-23 16:32', 1, 2, 267, 111, 3, 2, 'Ishyiga reinstallation', 'confirmed', NULL, NULL),
(714, '2018-07-24 09:30', '2018-07-24 10:30', 82, 2, 111, 274, 2, 2, 'Support.', 'confirmed', NULL, NULL),
(715, '2018-07-24 10:00', '2018-07-24 10:30', 20, 2, 270, 100, 3, 2, 'Glaxo', 'confirmed', NULL, NULL),
(716, '2018-07-24 12:39', '2018-07-24 13:40', 57, 2, 260, 207, 3, 2, 'SupPort', 'confirmed', NULL, NULL),
(717, '2018-07-24 14:20', '2018-07-24 14:50', 20, 2, 184, 90, 2, 2, 'Bakore', 'confirmed', NULL, NULL),
(718, '2018-07-24 15:23', '2018-07-24 16:24', 57, 2, 111, 266, 3, 2, 'TRAINING', 'confirmed', NULL, NULL),
(719, '2018-07-24 17:00', '2018-07-24 17:30', 38, 2, 275, 111, 2, 2, 'Istallation', 'confirmed', NULL, NULL),
(720, '2018-07-20 16:30', '2018-07-20 17:30', 22, 2, 268, 269, 3, 1, 'private', 'confirmed', NULL, NULL),
(721, '2018-07-23 16:32', '2018-07-23 17:32', 22, 2, 268, 269, 3, 1, 'private', 'confirmed', NULL, NULL),
(722, '2018-07-25 10:23', '2018-07-25 12:00', 27, 2, 213, 218, 2, 2, 'support', 'confirmed', NULL, NULL),
(723, '2018-07-25 11:43', '2018-07-25 12:44', 57, 2, 94, 201, 1, 2, 'Support', 'confirmed', NULL, NULL),
(724, '2018-07-25 14:15', '2018-07-25 14:45', 38, 2, 112, 275, 2, 2, 'training', 'confirmed', NULL, NULL),
(725, '2018-07-25 13:02', '2018-07-25 14:02', 1, 2, 111, 126, 3, 2, 'Update', 'confirmed', NULL, NULL),
(726, '2018-07-25 19:56', '2018-07-25 20:57', 1, 2, 99, 260, 3, 3, 'Support', 'confirmed', NULL, NULL),
(727, '2018-07-26 10:09', '2018-07-26 10:30', 57, 1, 261, 199, 1, 2, 'Support', 'confirmed', NULL, NULL),
(728, '2018-07-26 11:07', '2018-07-26 12:07', 1, 2, 111, 126, 3, 2, 'inama na alphonse', 'confirmed', NULL, NULL),
(729, '2018-07-26 11:40', '2018-07-26 12:30', 20, 2, 225, 202, 2, 2, 'Sdc', 'confirmed', NULL, NULL),
(730, '2018-07-25 17:00', '2018-07-25 18:00', 22, 2, 268, 269, 2, 1, 'PRIVATE ONE', 'confirmed', NULL, NULL),
(731, '2018-07-28 12:00', '2018-07-28 15:00', 80, 2, 240, 276, 1, 4, 'Customer issues', 'confirmed', NULL, NULL),
(732, '2018-07-26 17:30', '2018-07-26 18:00', 20, 2, 111, 277, 2, 2, 'Sign', 'confirmed', NULL, NULL),
(733, '2018-07-27 15:10', '2018-07-27 15:40', 20, 2, 249, 277, 2, 2, 'Sign', 'confirmed', NULL, NULL),
(734, '2018-07-27 16:43', '2018-07-27 17:43', 1, 1, 111, 267, 1, 1, 'client', 'confirmed', NULL, NULL),
(735, '2018-07-27 15:00', '2018-07-27 15:30', 82, 2, 104, 278, 3, 2, 'Support ', 'confirmed', NULL, NULL),
(736, '2018-07-30 10:14', '2018-07-30 11:15', 57, 2, 279, 101, 3, 2, 'Sipport', 'confirmed', NULL, NULL),
(737, '2018-07-30 10:46', '2018-07-30 11:47', 27, 2, 112, 257, 1, 2, 'support', 'confirmed', NULL, NULL),
(738, '2018-07-27 12:02', '2018-07-30 07:03', 28, 2, 268, 269, 2, 1, 'private', 'confirmed', NULL, NULL),
(739, '2018-07-30 13:30', '2018-07-30 14:15', 30, 2, 111, 270, 3, 2, 'they are need helps', 'confirmed', NULL, NULL),
(740, '2018-07-30 14:00', '2018-07-30 15:00', 38, 2, 111, 94, 2, 4, 'kugura ibikoresho', 'confirmed', NULL, NULL),
(741, '2018-07-31 13:30', '2018-07-31 14:58', 38, 2, 111, 275, 2, 2, 'Pap', 'confirmed', NULL, NULL),
(742, '2018-07-31 12:41', '2018-07-31 13:41', 1, 2, 113, 134, 3, 3, 'Add insurance', 'confirmed', NULL, NULL),
(743, '2018-07-31 10:44', '2018-07-31 12:44', 1, 2, 111, 113, 3, 2, 'Installation', 'confirmed', NULL, NULL),
(744, '2018-07-31 13:53', '2018-07-31 14:54', 1, 2, 134, 111, 2, 2, 'Gusubira bunker', 'confirmed', NULL, NULL),
(745, '2018-07-31 14:16', '2018-07-31 15:30', 57, 1, 111, 265, 3, 1, 'support', 'confirmed', NULL, NULL),
(746, '2018-08-01 10:01', '2018-08-01 11:02', 1, 2, 111, 113, 3, 2, 'Installation', 'confirmed', NULL, NULL),
(747, '2018-08-01 12:30', '2018-08-01 12:45', 38, 2, 275, 111, 2, 2, 'INSTALLATION', 'confirmed', NULL, NULL),
(748, '2018-08-01 14:50', '2018-08-01 15:00', 38, 2, 111, 275, 2, 2, 'training', 'confirmed', NULL, NULL),
(749, '2018-08-02 10:23', '2018-08-02 11:30', 84, 1, 111, 280, 1, 2, 'Alliance, SDC ntago ibona port', 'confirmed', NULL, NULL),
(750, '2018-08-02 12:00', '2018-08-02 12:30', 38, 2, 91, 275, 2, 2, 'Train', 'confirmed', NULL, NULL),
(751, '2018-08-02 11:56', '2018-08-02 12:20', 82, 1, 111, 273, 3, 2, 'Support ', 'confirmed', NULL, NULL),
(752, '2018-08-02 17:00', '2018-08-02 17:25', 82, 2, 273, 217, 2, 2, 'Support ', 'confirmed', NULL, NULL),
(753, '2018-08-03 14:40', '2018-08-03 15:06', 80, 2, 240, 246, 2, 4, 'Meeting in rra', 'confirmed', NULL, NULL),
(754, '2018-07-30 16:50', '2018-07-30 17:50', 28, 2, 268, 269, 3, 1, 'Private', 'confirmed', NULL, NULL),
(755, '2018-08-01 16:52', '2018-08-01 17:52', 28, 2, 268, 269, 1, 1, 'Private', 'confirmed', NULL, NULL),
(756, '2018-08-02 16:53', '2018-08-03 17:53', 28, 2, 268, 269, 1, 1, 'Private', 'confirmed', NULL, NULL),
(757, '2018-08-06 13:01', '2018-08-06 13:30', 38, 2, 111, 275, 2, 2, 'Training', 'confirmed', NULL, NULL),
(758, '2018-08-06 14:45', '2018-08-06 15:00', 20, 1, 111, 281, 2, 2, 'Raporo', 'confirmed', NULL, NULL),
(759, '2018-08-06 15:05', '2018-08-06 15:06', 26, 2, 275, 188, 3, 1, 'Ville support', 'confirmed', NULL, NULL),
(760, '2018-08-06 17:05', '2018-08-06 17:20', 20, 1, 281, 111, 2, 2, 'Support', 'confirmed', NULL, NULL),
(761, '2018-08-07 10:00', '2018-08-07 10:20', 20, 2, 111, 270, 1, 2, 'Facture', 'confirmed', NULL, NULL),
(762, '2018-08-07 11:25', '2018-08-07 12:25', 1, 2, 111, 267, 3, 2, 'Training', 'confirmed', NULL, NULL),
(763, '2018-08-08 09:00', '2018-08-08 09:30', 82, 2, 111, 282, 3, 2, 'Update. ', 'confirmed', NULL, NULL),
(764, '2018-08-08 10:00', '2018-08-08 10:20', 26, 2, 111, 246, 2, 1, 'PRESENTATION RRA', 'confirmed', NULL, NULL),
(765, '2018-08-08 11:55', '2018-08-08 12:30', 20, 2, 111, 249, 1, 2, 'Commande', 'confirmed', NULL, NULL),
(766, '2018-08-08 12:37', '2018-08-08 13:37', 1, 2, 267, 111, 3, 2, 'Anydesk', 'confirmed', NULL, NULL),
(767, '2018-08-08 14:15', '2018-08-08 14:50', 21, 2, 252, 94, 3, 4, 'recovery', 'confirmed', NULL, NULL),
(768, '2018-08-08 16:40', '2018-08-08 16:50', 20, 2, 259, 134, 1, 2, 'Depot', 'confirmed', NULL, NULL),
(769, '2018-08-08 16:35', '2018-08-08 16:50', 20, 2, 259, 134, 1, 2, 'Depot', 'pending', NULL, NULL),
(770, '2018-08-08 19:18', '2018-08-08 20:19', 22, 2, 275, 188, 3, 2, 'Gutaha', 'rejected', NULL, NULL),
(771, '2018-08-08 19:30', '2018-08-08 20:10', 86, 1, 275, 188, 1, 4, 'that is when work finished', 'confirmed', NULL, NULL),
(772, '2018-08-09 12:12', '2018-08-09 12:13', 38, 2, 94, 275, 2, 2, 'Aupport', 'confirmed', NULL, NULL),
(773, '2018-08-09 12:12', '2018-08-09 12:13', 38, 2, 94, 275, 2, 2, 'Support', 'pending', NULL, NULL),
(774, '2018-08-09 12:21', '2018-08-09 13:22', 38, 2, 94, 275, 2, 2, 'Support', 'pending', NULL, NULL),
(775, '2018-08-09 13:20', '2018-08-09 13:50', 82, 2, 282, 235, 3, 2, 'Support ', 'confirmed', NULL, NULL),
(776, '2018-08-07 17:00', '2018-08-07 17:00', 83, 1, 188, 269, 1, 1, 'private', 'confirmed', NULL, NULL),
(777, '2018-08-07 17:43', '2018-08-07 18:00', 83, 1, 268, 269, 1, 1, 'private', 'confirmed', NULL, NULL),
(778, '2018-08-07 18:45', '2018-08-07 18:50', 83, 2, 268, 112, 1, 1, 'return to bunker', 'confirmed', NULL, NULL),
(779, '2018-08-06 08:00', '2018-08-06 09:00', 28, 2, 268, 269, 1, 1, 'private', 'confirmed', NULL, NULL),
(780, '2018-08-06 17:00', '2018-08-06 17:30', 28, 2, 268, 269, 1, 1, 'private', 'confirmed', NULL, NULL),
(781, '2018-08-07 08:00', '2018-08-07 08:00', 28, 2, 268, 269, 3, 1, 'private', 'confirmed', NULL, NULL),
(782, '2018-08-07 17:00', '2018-08-07 17:51', 28, 2, 268, 269, 1, 1, 'private', 'confirmed', NULL, NULL),
(783, '2018-08-08 08:00', '2018-08-08 09:00', 28, 2, 268, 269, 1, 1, 'private', 'confirmed', NULL, NULL),
(784, '2018-08-08 17:00', '2018-08-08 17:52', 28, 2, 268, 269, 1, 1, 'private', 'confirmed', NULL, NULL),
(785, '2018-08-09 08:00', '2018-08-09 08:54', 28, 2, 268, 269, 1, 1, 'private', 'confirmed', NULL, NULL),
(786, '2018-08-09 18:00', '2018-08-10 03:00', 91, 1, 111, 266, 3, 2, 'fuchsia task force department night shift .', 'confirmed', NULL, NULL),
(787, '2018-08-09 17:00', '2018-08-09 17:30', 28, 2, 268, 269, 1, 1, 'private', 'confirmed', NULL, NULL),
(788, '2018-08-08 11:30', '2018-08-08 12:00', 83, 2, 282, 246, 2, 1, 'empty', 'confirmed', NULL, NULL),
(789, '2018-08-08 12:58', '2018-08-08 13:00', 83, 2, 246, 267, 1, 1, 'empty pick', 'confirmed', NULL, NULL),
(790, '2018-08-08 13:00', '2018-08-08 13:30', 83, 2, 111, 246, 1, 1, 'empty pick', 'confirmed', NULL, NULL),
(791, '2018-08-08 17:30', '2018-08-08 18:00', 83, 1, 268, 111, 1, 1, 'return to bunker', 'confirmed', NULL, NULL),
(792, '2018-08-08 08:02', '2018-08-08 08:30', 83, 2, 111, 275, 1, 1, 'empty pick', 'confirmed', NULL, NULL),
(793, '2018-08-08 08:30', '2018-08-08 09:30', 83, 2, 94, 269, 1, 1, 'car deposit', 'confirmed', NULL, NULL),
(794, '2018-08-10 14:55', '2018-08-10 17:56', 57, 1, 111, 124, 3, 2, 'support', 'pending', NULL, NULL),
(795, '2018-08-13 08:30', '2018-08-13 09:00', 82, 2, 111, 273, 3, 2, 'Training ', 'pending', NULL, NULL),
(796, '2018-08-13 12:32', '2018-08-13 14:32', 28, 2, 112, 135, 1, 1, 'Jap', 'confirmed', NULL, NULL),
(797, '2018-08-13 11:40', '2018-08-13 12:41', 57, 2, 279, 183, 1, 2, 'Support', 'confirmed', NULL, NULL),
(801, '2018-08-13 12:50', '2018-08-13 13:10', 82, 2, 273, 111, 3, 2, 'Db test ', 'confirmed', NULL, NULL),
(803, '2018-08-13 14:32', '2018-08-13 15:32', 84, 1, 183, 98, 2, 2, 'Ishyiga ririfata rikazima (ishyiga has stopped responding)', 'confirmed', NULL, NULL),
(804, '2018-08-13 11:00', '2018-08-13 11:21', 27, 2, 134, 1, 2, 2, 'ishyiga', 'confirmed', NULL, NULL),
(805, '2018-08-13 14:20', '2018-08-13 14:33', 75, 2, 111, 98, 2, 3, 'empty pick', 'confirmed', NULL, NULL),
(806, '2018-08-13 16:00', '2018-08-13 16:30', 71, 2, 111, 250, 3, 2, 'support', 'confirmed', NULL, NULL),
(807, '2018-08-13 15:35', '2018-08-13 16:00', 82, 2, 111, 284, 3, 2, 'Updates', 'confirmed', NULL, NULL),
(808, '2018-08-13 16:31', '2018-08-13 16:50', 57, 2, 183, 265, 3, 2, 'Support', 'confirmed', NULL, NULL),
(809, '2018-08-13 17:00', '2018-08-13 17:17', 38, 2, 111, 275, 2, 2, 'Support', 'confirmed', NULL, NULL),
(810, '2018-08-14 11:30', '2018-08-14 11:50', 20, 1, 112, 286, 2, 2, 'Installation', 'rejected', NULL, NULL),
(811, '2018-08-14 12:05', '2018-08-14 12:30', 20, 1, 111, 202, 2, 2, 'Other', 'confirmed', NULL, NULL),
(812, '2018-08-14 13:30', '2018-08-14 14:00', 20, 1, 202, 286, 2, 2, 'Installation', 'confirmed', NULL, NULL),
(813, '2018-08-14 15:00', '2018-08-14 15:30', 84, 1, 111, 183, 1, 2, 'Ishyiga icons zavuyeho', 'confirmed', NULL, NULL),
(814, '2018-08-14 17:30', '2018-08-14 17:45', 38, 3, 275, 91, 2, 2, 'Instllation', 'confirmed', NULL, NULL),
(815, '2018-08-14 19:15', '2018-08-14 19:30', 82, 1, 245, 111, 2, 2, 'Anydesk', 'confirmed', NULL, NULL),
(816, '2018-08-16 15:00', '2018-08-16 15:30', 27, 1, 1, 218, 2, 2, 'SUPPORT', 'confirmed', NULL, NULL),
(817, '2018-08-16 15:30', '2018-08-16 16:00', 84, 1, 111, 178, 2, 2, 'Kujya AHA, gukora aga training gato', 'confirmed', NULL, NULL),
(818, '2018-08-09 19:40', '2018-08-09 20:10', 76, 2, 111, 104, 1, 1, 'gutwara umukozi', 'confirmed', NULL, NULL),
(819, '2018-08-09 20:10', '2018-08-09 20:20', 76, 2, 104, 269, 1, 1, 'empty', 'confirmed', NULL, NULL),
(820, '2018-08-09 20:30', '2018-08-09 20:45', 76, 2, 104, 269, 1, 1, 'empty', 'confirmed', NULL, NULL),
(821, '2018-08-16 17:00', '2018-08-16 18:00', 76, 2, 111, 1, 1, 1, 'gutwara umwana', 'confirmed', NULL, NULL),
(822, '2018-08-16 18:25', '2018-08-16 18:30', 75, 2, 218, 111, 1, 1, 'empty', 'confirmed', NULL, NULL),
(823, '2018-08-09 22:28', '2018-08-09 23:21', 76, 2, 265, 275, 3, 1, 'daniel', 'confirmed', NULL, NULL),
(824, '2018-08-12 11:33', '2018-08-12 11:50', 76, 2, 135, 111, 1, 1, 'empty', 'confirmed', NULL, NULL),
(825, '2018-08-17 11:00', '2018-08-17 11:30', 82, 1, 231, 278, 3, 2, 'Support ', 'confirmed', NULL, NULL),
(826, '2018-08-17 17:38', '2018-08-17 17:50', 38, 1, 94, 91, 2, 2, 'Civitas', 'confirmed', NULL, NULL),
(827, '2018-08-18 01:45', '2018-08-18 02:30', 38, 2, 275, 94, 2, 2, 'supp', 'confirmed', NULL, NULL),
(828, '2018-08-20 10:00', '2018-08-20 10:30', 1, 2, 111, 113, 2, 2, 'Ladivine mulindi', 'confirmed', NULL, NULL),
(829, '2018-08-20 10:35', '2018-08-20 11:00', 27, 2, 1, 115, 2, 2, 'meet daf', 'confirmed', NULL, NULL),
(830, '2018-08-21 09:30', '2018-08-21 10:15', 38, 2, 94, 287, 2, 2, 'Supp', 'confirmed', NULL, NULL),
(831, '2018-08-21 22:05', '2018-08-21 22:30', 38, 2, 275, 94, 2, 2, 'Booking', 'confirmed', NULL, NULL),
(832, '2018-08-22 09:50', '2018-08-22 10:20', 82, 2, 102, 217, 1, 2, 'Ishyiga ryanze kwaka ', 'confirmed', NULL, NULL),
(833, '2018-08-22 12:00', '2018-08-22 12:30', 20, 2, 236, 113, 2, 2, 'Server', 'confirmed', NULL, NULL),
(834, '2018-08-22 13:40', '2018-08-22 14:00', 82, 2, 217, 259, 2, 2, 'Internees Training', 'confirmed', NULL, NULL),
(835, '2018-08-22 14:00', '2018-08-22 14:15', 38, 2, 289, 91, 1, 2, 'SUP', 'confirmed', NULL, NULL),
(836, '2018-08-22 18:00', '2018-08-22 18:15', 91, 1, 112, 266, 3, 2, 'Daily support', 'confirmed', NULL, NULL),
(837, '2018-08-23 02:00', '2018-08-23 02:20', 91, 1, 266, 94, 3, 2, 'End of daily work at fuchsia', 'confirmed', NULL, NULL),
(838, '2018-08-22 15:45', '2018-08-22 15:55', 71, 2, 290, 111, 3, 2, 'Anydesk', 'confirmed', NULL, NULL),
(839, '2018-08-22 18:30', '2018-08-22 19:00', 84, 1, 111, 280, 1, 2, 'SDC Ntago iriho', 'confirmed', NULL, NULL),
(840, '2018-08-22 11:00', '2018-08-22 11:20', 76, 2, 111, 102, 3, 2, 'gutwara fider', 'confirmed', NULL, NULL),
(841, '2018-08-22 13:25', '2018-08-22 13:40', 76, 2, 111, 289, 3, 2, 'mukazi', 'confirmed', NULL, NULL),
(842, '2018-08-23 11:22', '2018-08-24 02:30', 90, 1, 266, 94, 1, 2, 'Hello I need help in transport because I always work during the night and I go back home at 2:30AM. thanks', 'rejected', NULL, NULL),
(843, '2018-08-23 11:31', '2018-08-23 12:00', 57, 2, 94, 214, 1, 2, 'Support', 'confirmed', NULL, NULL),
(844, '2018-08-23 13:10', '2018-08-23 13:30', 82, 2, 111, 194, 3, 2, 'Support', 'confirmed', NULL, NULL),
(845, '2018-08-23 02:00', '2018-08-23 02:20', 91, 2, 266, 94, 1, 2, 'End of daily work', 'confirmed', NULL, NULL),
(846, '2018-08-23 16:59', '2018-08-23 17:30', 27, 2, 111, 282, 1, 2, 'supp', 'confirmed', NULL, NULL),
(847, '2018-08-23 18:00', '2018-08-23 18:15', 90, 2, 111, 266, 1, 2, 'Daily work', 'confirmed', NULL, NULL),
(848, '2018-08-23 09:20', '2018-08-23 11:00', 76, 2, 1, 111, 3, 2, 'abakozi', 'confirmed', NULL, NULL),
(849, '2018-08-24 02:00', '2018-08-24 02:30', 90, 2, 266, 94, 1, 2, 'Go back from fuchsia to Home', 'confirmed', NULL, NULL),
(850, '2018-08-23 18:30', '2018-08-23 18:45', 92, 2, 266, 94, 1, 2, 'Daily work', 'confirmed', NULL, NULL),
(851, '2018-08-24 08:30', '2018-08-24 09:00', 20, 2, 111, 249, 2, 2, 'Vpn', 'confirmed', NULL, NULL),
(852, '2018-08-24 11:30', '2018-08-24 12:00', 76, 2, 268, 269, 3, 1, 'mukazi', 'confirmed', NULL, NULL),
(853, '2018-08-24 17:50', '2018-08-24 18:15', 91, 1, 112, 266, 1, 2, 'Daily work', 'confirmed', NULL, NULL),
(854, '2018-08-25 02:00', '2018-08-25 02:30', 90, 2, 266, 94, 1, 2, 'we need transport from job to home', 'confirmed', NULL, NULL),
(855, '2018-08-24 18:30', '2018-08-24 18:45', 92, 1, 266, 292, 1, 2, 'supp', 'confirmed', NULL, NULL),
(856, '2018-08-24 18:00', '2018-08-24 18:15', 82, 2, 111, 284, 3, 2, 'Support', 'confirmed', NULL, NULL),
(857, '2018-08-24 16:09', '2018-08-24 16:22', 76, 2, 1, 94, 3, 2, 'mukazi', 'confirmed', NULL, NULL),
(858, '2018-08-24 14:55', '2018-08-24 15:00', 76, 2, 268, 269, 3, 1, 'kugenda', 'confirmed', NULL, NULL),
(859, '2018-08-25 11:10', '2018-08-25 11:30', 91, 2, 266, 94, 1, 2, 'Printer reparation ', 'confirmed', NULL, NULL),
(860, '2018-08-26 02:00', '2018-08-26 02:30', 90, 2, 266, 94, 1, 2, 'support', 'confirmed', NULL, NULL),
(861, '2018-08-26 11:47', '2018-08-26 18:48', 76, 2, 268, 269, 3, 1, 'mukazi', 'confirmed', NULL, NULL),
(862, '2018-08-27 04:30', '2018-08-27 04:45', 91, 1, 266, 94, 1, 2, 'end of work', 'confirmed', NULL, NULL),
(863, '2018-08-27 11:00', '2018-08-27 11:30', 20, 2, 249, 277, 1, 2, 'Network', 'confirmed', NULL, NULL),
(864, '2018-08-27 12:30', '2018-08-27 13:00', 1, 2, 260, 99, 3, 2, 'Kubereka mvt out', 'confirmed', NULL, NULL),
(865, '2018-08-27 13:00', '2018-08-27 13:30', 1, 2, 99, 111, 3, 2, 'Raporo', 'confirmed', NULL, NULL),
(866, '2018-08-27 18:00', '2018-08-27 18:30', 91, 2, 111, 266, 1, 2, 'daily work', 'confirmed', NULL, NULL),
(867, '2018-08-28 02:00', '2018-08-28 02:30', 91, 2, 266, 94, 1, 2, 'daily work', 'confirmed', NULL, NULL),
(868, '2018-08-27 14:55', '2018-08-27 15:30', 27, 1, 111, 293, 1, 2, 'supp', 'confirmed', NULL, NULL),
(869, '2018-08-27 15:50', '2018-08-27 16:00', 20, 2, 179, 90, 2, 2, 'Gufata db', 'confirmed', NULL, NULL),
(870, '2018-08-27 18:30', '2018-08-27 18:50', 92, 1, 266, 295, 1, 1, 'Going home form fuchsia ', 'confirmed', NULL, NULL),
(871, '2018-08-27 10:07', '2018-08-27 10:27', 76, 2, 268, 269, 3, 1, 'danny', 'confirmed', NULL, NULL),
(872, '2018-08-27 12:00', '2018-08-27 12:15', 76, 2, 111, 205, 3, 2, 'izaber', 'confirmed', NULL, NULL),
(873, '2018-08-27 16:00', '2018-08-27 16:38', 76, 2, 111, 135, 3, 2, 'roza', 'confirmed', NULL, NULL),
(874, '2018-08-27 17:00', '2018-08-27 18:00', 76, 2, 268, 269, 3, 1, 'danny', 'confirmed', NULL, NULL),
(875, '2018-08-28 09:30', '2018-08-28 09:50', 71, 2, 111, 248, 2, 2, 'installation', 'confirmed', NULL, NULL),
(876, '2018-08-28 11:02', '2018-08-28 11:30', 57, 2, 111, 297, 3, 2, 'SUPPORT', 'confirmed', NULL, NULL),
(877, '2018-08-28 11:35', '2018-08-28 11:50', 27, 2, 111, 293, 1, 2, 'suppo', 'confirmed', NULL, NULL),
(878, '2018-08-28 13:30', '2018-08-28 13:45', 82, 2, 111, 282, 3, 2, 'Support ', 'confirmed', NULL, NULL),
(879, '2018-08-28 16:10', '2018-08-28 16:30', 27, 2, 293, 1, 3, 2, 'kipharma', 'confirmed', NULL, NULL),
(880, '2018-08-28 16:31', '2018-08-28 16:50', 57, 2, 297, 199, 1, 2, 'Support', 'confirmed', NULL, NULL),
(881, '2018-08-28 17:05', '2018-08-28 17:30', 71, 2, 248, 250, 3, 2, 'Support', 'confirmed', NULL, NULL),
(882, '2018-08-28 18:00', '2018-08-28 18:30', 92, 1, 266, 295, 1, 2, 'Back home form fuchsia', 'confirmed', NULL, NULL),
(883, '2018-08-29 02:00', '2018-08-29 02:30', 90, 2, 266, 94, 1, 2, 'support', 'confirmed', NULL, NULL),
(884, '2018-08-29 14:20', '2018-08-29 14:40', 20, 2, 270, 286, 3, 2, 'Training', 'confirmed', NULL, NULL),
(885, '2018-08-29 15:00', '2018-08-29 15:01', 27, 2, 1, 247, 1, 2, 'H', 'confirmed', NULL, NULL),
(886, '2018-08-29 15:10', '2018-08-29 15:20', 71, 2, 111, 248, 2, 2, 'trainings', 'confirmed', NULL, NULL),
(887, '2018-08-29 15:40', '2018-08-29 16:00', 20, 2, 286, 134, 1, 2, 'Facture', 'confirmed', NULL, NULL),
(888, '2018-08-30 02:00', '2018-08-30 02:30', 90, 2, 265, 94, 1, 2, 'Support', 'confirmed', NULL, NULL),
(889, '2018-08-30 10:20', '2018-08-30 10:40', 82, 2, 251, 274, 2, 2, 'Training', 'confirmed', NULL, NULL),
(890, '2018-08-30 11:00', '2018-08-30 11:20', 20, 2, 134, 249, 2, 2, 'Vpn', 'confirmed', NULL, NULL),
(891, '2018-08-30 12:10', '2018-08-30 12:30', 82, 2, 278, 274, 2, 2, 'Training', 'confirmed', NULL, NULL),
(892, '2018-08-31 04:00', '2018-08-31 04:15', 91, 1, 266, 94, 1, 2, 'Supp', 'confirmed', NULL, NULL),
(893, '2018-08-31 09:45', '2018-08-31 10:00', 21, 2, 252, 119, 2, 4, 'recovery', 'confirmed', NULL, NULL),
(894, '2018-08-31 10:00', '2018-08-31 10:15', 21, 2, 119, 90, 2, 4, 'recovery', 'confirmed', NULL, NULL),
(895, '2018-08-31 10:15', '2018-08-31 10:30', 21, 2, 90, 252, 2, 4, 'work', 'confirmed', NULL, NULL),
(896, '2018-08-31 10:40', '2018-08-31 10:55', 71, 2, 225, 248, 2, 2, 'support', 'confirmed', NULL, NULL),
(897, '2018-08-30 11:41', '2018-08-30 12:00', 76, 2, 268, 269, 3, 1, 'mukazi', 'confirmed', NULL, NULL),
(898, '2018-08-30 12:44', '2018-08-30 15:15', 76, 2, 268, 269, 3, 3, 'danny', 'confirmed', NULL, NULL),
(899, '2018-08-30 15:20', '2018-08-30 16:45', 76, 2, 268, 269, 3, 1, 'mukazi', 'confirmed', NULL, NULL),
(900, '2018-08-30 16:52', '2018-08-30 19:30', 76, 2, 268, 269, 3, 1, 'mukazi', 'confirmed', NULL, NULL),
(901, '2018-08-31 13:20', '2018-08-31 13:40', 38, 2, 94, 91, 1, 2, 'TRANS', 'confirmed', NULL, NULL),
(902, '2018-08-31 13:41', '2018-08-31 13:50', 71, 2, 248, 272, 3, 2, 'support', 'confirmed', NULL, NULL),
(903, '2018-08-31 16:00', '2018-09-01 15:56', 20, 2, 111, 286, 1, 2, 'Contrat', 'rejected', NULL, NULL),
(904, '2018-08-31 18:00', '2018-08-31 18:30', 91, 2, 111, 266, 1, 2, 'Supp', 'confirmed', NULL, NULL),
(905, '2018-08-31 16:31', '2018-08-31 16:40', 20, 2, 111, 286, 2, 2, 'Contrat', 'confirmed', NULL, NULL),
(906, '2018-08-31 16:41', '2018-08-31 16:50', 20, 2, 286, 111, 2, 2, 'Contract ', 'confirmed', NULL, NULL),
(907, '2018-08-31 18:30', '2018-08-31 19:00', 92, 1, 291, 94, 1, 2, 'From work', 'confirmed', NULL, NULL),
(908, '2018-08-31 17:00', '2018-08-31 17:30', 57, 2, 111, 201, 3, 2, 'support', 'confirmed', NULL, NULL),
(909, '2018-08-31 18:40', '2018-08-31 18:50', 38, 2, 91, 275, 2, 2, 'support', 'confirmed', NULL, NULL),
(910, '2018-09-01 03:00', '2018-09-01 03:30', 91, 2, 266, 94, 1, 2, 'Supp', 'confirmed', NULL, NULL),
(911, '2018-09-02 02:00', '2018-09-02 02:30', 91, 2, 266, 94, 1, 2, 'Supp', 'confirmed', NULL, NULL),
(912, '2018-09-03 02:00', '2018-09-03 02:30', 90, 2, 266, 94, 1, 2, 'Supp', 'confirmed', NULL, NULL),
(913, '2018-09-04 02:00', '2018-09-04 02:30', 91, 2, 266, 94, 1, 2, 'Supp', 'confirmed', NULL, NULL),
(914, '2018-09-04 10:30', '2018-09-04 10:50', 25, 1, 274, 227, 3, 2, 'Kavyiru', 'confirmed', NULL, NULL),
(915, '2018-09-04 10:40', '2018-09-04 11:00', 38, 2, 94, 91, 2, 2, 'TRANS', 'confirmed', NULL, NULL),
(916, '2018-09-04 13:00', '2018-09-04 13:30', 4, 2, 293, 111, 3, 1, 'error analysis', 'confirmed', NULL, NULL),
(917, '2018-09-04 12:35', '2018-09-04 12:50', 20, 2, 184, 236, 2, 2, 'Connection', 'confirmed', NULL, NULL),
(918, '2018-09-01 11:00', '2018-09-01 18:00', 76, 2, 268, 269, 3, 1, 'danny', 'confirmed', NULL, NULL),
(919, '2018-09-03 10:00', '2018-09-03 14:03', 76, 2, 268, 269, 3, 1, 'danny', 'confirmed', NULL, NULL),
(920, '2018-09-04 09:40', '2018-09-04 10:05', 76, 2, 268, 269, 3, 1, 'mukazi', 'confirmed', NULL, NULL),
(921, '2018-09-04 11:02', '2018-09-04 11:02', 76, 2, 112, 274, 3, 2, 'fider', 'confirmed', NULL, NULL),
(922, '2018-09-04 12:10', '2018-09-04 12:20', 76, 2, 227, 135, 3, 2, 'mukazi', 'confirmed', NULL, NULL),
(923, '2018-09-04 12:50', '2018-09-04 13:00', 76, 2, 236, 111, 3, 2, 'mukazi', 'confirmed', NULL, NULL),
(924, '2018-09-04 16:30', '2018-09-04 16:45', 90, 2, 112, 266, 1, 2, 'support', 'confirmed', NULL, NULL),
(925, '2018-09-04 17:30', '2018-09-04 17:45', 82, 2, 111, 254, 2, 2, 'Support.', 'confirmed', NULL, NULL),
(926, '2018-09-04 17:50', '2018-09-04 18:00', 82, 2, 254, 217, 2, 2, 'Support.', 'confirmed', NULL, NULL),
(927, '2018-09-05 12:04', '2018-09-05 12:15', 22, 2, 111, 267, 1, 1, 'test', 'confirmed', '2018-09-05 10:05:00', NULL),
(928, '2018-09-05 12:15', '2018-09-05 12:30', 22, 2, 111, 267, 1, 1, 'test', 'confirmed', '2018-09-05 10:08:26', NULL),
(929, '2018-09-05 13:45', '2018-09-05 14:00', 38, 2, 91, 275, 2, 2, 'SUP', 'confirmed', '2018-09-05 11:41:00', NULL),
(930, '2018-09-05 15:40', '2018-09-05 15:55', 82, 2, 300, 217, 1, 2, 'Emergency.', 'confirmed', '2018-09-05 13:33:02', NULL),
(931, '2018-09-05 16:14', '2018-09-05 16:30', 61, 16, 192, 136, 1, 5, 'test', 'confirmed', '2018-09-05 14:15:04', NULL),
(932, '2018-09-05 02:00', '2018-09-05 02:30', 90, 2, 294, 94, 1, 2, 'support', 'confirmed', '2018-09-05 15:22:10', NULL),
(933, '2018-09-06 09:51', '2018-09-06 10:00', 61, 19, 192, 138, 1, 5, 'test', 'confirmed', '2018-09-06 07:51:47', NULL),
(934, '2018-09-06 11:27', '2018-09-06 12:26', 61, 21, 137, 136, 1, 5, 'test', 'confirmed', '2018-09-06 09:27:22', NULL),
(935, '2018-09-06 12:27', '2018-09-06 12:50', 61, 20, 139, 138, 1, 5, 'ditrubuer', 'confirmed', '2018-09-06 09:28:24', NULL),
(936, '2018-09-06 11:28', '2018-09-06 12:28', 61, 24, 192, 138, 2, 6, 'importation', 'confirmed', '2018-09-06 09:29:07', NULL),
(937, '2018-09-07 11:29', '2018-09-08 11:30', 61, 21, 139, 137, 1, 6, 'import', 'confirmed', '2018-09-06 09:29:41', NULL),
(938, '2018-09-06 12:34', '2018-09-06 18:34', 61, 15, 136, 157, 1, 6, '0008', 'confirmed', '2018-09-06 10:35:41', NULL),
(939, '2018-09-06 14:40', '2018-09-06 15:00', 57, 2, 279, 297, 3, 2, 'Support', 'confirmed', '2018-09-06 11:58:11', NULL),
(940, '2018-09-06 17:30', '2018-09-06 17:45', 92, 2, 266, 295, 1, 2, 'Work', 'confirmed', '2018-09-06 14:28:36', NULL),
(941, '2018-09-07 02:00', '2018-09-07 02:30', 91, 2, 266, 94, 1, 2, 'supp', 'confirmed', '2018-09-06 18:23:54', NULL),
(942, '2018-09-07 11:45', '2018-09-07 11:55', 71, 2, 111, 301, 3, 2, 'support', 'confirmed', '2018-09-07 09:46:41', NULL),
(943, '2018-09-07 11:57', '2018-09-07 12:15', 57, 2, 111, 297, 1, 2, 'Support', 'confirmed', '2018-09-07 09:58:30', NULL),
(944, '2018-09-07 15:10', '2018-09-07 15:40', 4, 2, 259, 92, 1, 1, 'report analysis', 'confirmed', '2018-09-07 13:05:00', NULL),
(945, '2018-09-07 15:50', '2018-09-07 16:10', 20, 2, 297, 249, 2, 2, 'Rapport', 'confirmed', '2018-09-07 13:11:47', NULL),
(946, '2018-09-07 17:00', '2018-09-07 17:30', 91, 2, 111, 266, 1, 2, 'supp', 'confirmed', '2018-09-07 13:15:55', NULL),
(947, '2018-09-07 17:30', '2018-09-07 17:50', 92, 2, 266, 94, 1, 2, 'Job', 'confirmed', '2018-09-07 13:35:19', NULL),
(948, '2018-09-08 02:00', '2018-09-08 02:30', 91, 2, 266, 94, 1, 2, 'Supp', 'confirmed', '2018-09-07 21:35:10', NULL),
(949, '2018-09-09 02:20', '2018-09-09 02:20', 90, 2, 294, 94, 1, 2, 'Support', 'confirmed', '2018-09-08 15:48:06', NULL),
(950, '2018-09-10 02:00', '2018-09-10 02:30', 91, 2, 266, 94, 1, 2, 'supp', 'confirmed', '2018-09-09 21:47:40', NULL),
(951, '2018-09-11 02:27', '2018-09-11 02:40', 90, 2, 291, 94, 1, 2, 'support', 'confirmed', '2018-09-10 18:28:59', NULL),
(952, '2018-09-11 10:42', '2018-09-11 11:30', 27, 2, 302, 293, 1, 2, 'ss', 'confirmed', '2018-09-11 08:42:57', NULL),
(953, '2018-09-11 14:30', '2018-09-11 14:50', 20, 2, 111, 286, 1, 2, 'Training', 'confirmed', '2018-09-11 11:51:40', NULL),
(954, '2018-09-11 15:00', '2018-09-11 15:15', 38, 2, 112, 275, 2, 2, 'supp', 'confirmed', '2018-09-11 12:03:04', NULL),
(955, '2018-09-11 15:50', '2018-09-11 15:57', 27, 2, 293, 1, 2, 2, 'supp', 'confirmed', '2018-09-11 12:57:41', NULL),
(956, '2018-09-11 17:00', '2018-09-11 17:30', 91, 2, 94, 266, 1, 2, 'supp', 'confirmed', '2018-09-11 14:46:51', NULL),
(957, '2018-09-12 02:00', '2018-09-12 02:30', 91, 2, 266, 94, 1, 2, 'supp', 'confirmed', '2018-09-11 18:54:03', NULL),
(958, '2018-09-12 13:00', '2018-09-12 13:30', 20, 2, 111, 303, 2, 2, 'Error', 'confirmed', '2018-09-12 09:21:43', '2018-09-12 09:23:45'),
(959, '2018-09-12 12:15', '2018-09-12 12:40', 84, 2, 135, 98, 1, 2, 'Kwimura SDC', 'confirmed', '2018-09-12 09:37:55', NULL),
(960, '2018-09-12 12:41', '2018-09-12 12:55', 71, 2, 111, 248, 3, 2, 'support', 'confirmed', '2018-09-12 10:32:47', NULL),
(961, '2018-09-12 13:30', '2018-09-12 14:30', 4, 2, 111, 304, 1, 1, 'meeting', 'confirmed', '2018-09-12 10:39:51', NULL),
(962, '2018-09-13 02:00', '2018-09-13 02:30', 90, 2, 291, 94, 1, 2, 'support', 'confirmed', '2018-09-12 18:59:05', NULL),
(963, '2018-09-13 10:00', '2018-09-13 16:15', 38, 2, 91, 275, 1, 1, 'Pap', 'rejected', '2018-09-13 10:40:28', '2018-09-13 11:01:11'),
(964, '2018-09-13 16:00', '2018-09-13 16:15', 38, 2, 91, 275, 2, 2, 'Supp', 'confirmed', '2018-09-13 12:11:47', NULL),
(965, '2018-09-13 17:30', '2018-09-13 18:00', 24, 2, 111, 232, 1, 2, 'in contract', 'confirmed', '2018-09-13 14:19:24', NULL),
(966, '2018-09-14 15:36', '2018-09-14 15:59', 27, 2, 111, 1, 1, 2, 'support', 'confirmed', '2018-09-14 13:36:42', '2018-09-14 13:37:07'),
(967, '2018-09-17 02:00', '2018-09-17 02:30', 91, 2, 266, 94, 1, 2, 'supp', 'confirmed', '2018-09-16 17:46:57', NULL);
INSERT INTO `fluid_booking` (`id`, `start_time`, `end_time`, `id_user`, `car_id`, `id_place0`, `id_placef`, `status_id`, `departments_id`, `description`, `rank`, `created_at`, `updated_at`) VALUES
(968, '2018-09-17 14:40', '2018-09-17 14:55', 82, 2, 111, 227, 2, 2, 'Support.', 'confirmed', '2018-09-17 12:33:27', NULL),
(969, '2018-09-17 15:05', '2018-09-17 15:10', 27, 2, 111, 213, 1, 2, 'M', 'confirmed', '2018-09-17 13:07:16', NULL),
(970, '2018-09-17 15:12', '2018-09-17 15:35', 71, 2, 111, 305, 3, 2, 'support', 'confirmed', '2018-09-17 13:10:54', NULL),
(971, '2018-09-18 11:16', '2018-09-18 11:35', 1, 2, 134, 4, 3, 2, 'Support', 'confirmed', '2018-09-18 09:16:59', NULL),
(972, '2018-09-18 15:50', '2018-09-18 16:05', 82, 2, 111, 217, 1, 2, 'Support.', 'confirmed', '2018-09-18 13:46:38', NULL),
(973, '2018-09-19 02:00', '2018-09-19 02:30', 91, 2, 266, 94, 1, 2, 'supp', 'confirmed', '2018-09-18 17:52:36', NULL),
(974, '2018-09-19 14:30', '2018-09-19 14:50', 27, 2, 213, 179, 2, 2, 'SUP', 'confirmed', '2018-09-19 12:06:34', NULL),
(975, '2018-09-19 17:30', '2018-09-19 18:00', 91, 2, 111, 266, 1, 2, 'supp', 'confirmed', '2018-09-19 14:47:29', NULL),
(976, '2018-09-19 18:00', '2018-09-19 18:30', 92, 2, 266, 94, 3, 2, 'Job', 'confirmed', '2018-09-19 15:04:46', NULL),
(977, '2018-09-19 18:30', '2018-09-19 18:40', 95, 2, 112, 275, 1, 2, 'I am the one who suppose to work tonight.', 'confirmed', '2018-09-19 15:45:56', NULL),
(978, '2018-09-20 02:00', '2018-09-20 02:30', 91, 2, 266, 94, 1, 2, 'supp', 'confirmed', '2018-09-19 18:13:29', NULL),
(979, '2018-09-20 10:00', '2018-09-20 10:15', 82, 2, 111, 229, 2, 2, 'Database Restoration.', 'confirmed', '2018-09-20 07:10:20', NULL),
(980, '2018-09-20 13:00', '2018-09-20 13:30', 84, 2, 222, 119, 1, 2, 'Connecting another machine', 'confirmed', '2018-09-20 10:34:28', NULL),
(981, '2018-09-21 09:20', '2018-09-21 10:00', 27, 2, 293, 1, 2, 2, 'supp', 'confirmed', '2018-09-21 07:02:48', NULL),
(982, '2018-09-21 10:15', '2018-09-21 10:30', 1, 2, 194, 279, 3, 2, 'Ishyiga ryanze', 'confirmed', '2018-09-21 08:02:32', NULL),
(983, '2018-09-21 13:00', '2018-09-21 13:15', 82, 2, 284, 111, 3, 4, 'Checque Tramed.', 'confirmed', '2018-09-21 10:53:24', NULL),
(984, '2018-09-21 18:00', '2018-09-21 18:30', 95, 2, 111, 275, 1, 1, 'I am the one to work there tonight.', 'confirmed', '2018-09-21 15:02:16', NULL),
(985, '2018-09-21 17:30', '2018-09-21 17:45', 38, 2, 112, 91, 1, 1, 'supp', 'confirmed', '2018-09-21 15:26:04', NULL),
(986, '2018-09-21 19:16', '2018-09-21 19:30', 57, 2, 111, 199, 1, 2, 'support', 'confirmed', '2018-09-21 17:18:07', NULL),
(987, '2018-09-24 14:30', '2018-09-24 14:50', 71, 2, 111, 272, 3, 2, 'support', 'confirmed', '2018-09-24 11:57:17', NULL),
(988, '2018-09-24 16:00', '2018-09-24 16:30', 84, 2, 111, 306, 1, 1, 'Update', 'confirmed', '2018-09-24 13:11:12', NULL),
(989, '2018-09-24 18:00', '2018-09-24 18:30', 92, 2, 265, 94, 3, 2, 'Job', 'confirmed', '2018-09-24 14:00:30', NULL),
(990, '2018-09-25 09:00', '2018-09-25 09:10', 82, 2, 111, 125, 3, 2, 'Support.', 'confirmed', '2018-09-25 06:56:21', NULL),
(991, '2018-09-25 09:15', '2018-09-25 09:40', 20, 2, 125, 303, 1, 2, 'Ing', 'confirmed', '2018-09-25 06:57:18', NULL),
(992, '2018-09-25 11:56', '2018-09-25 12:10', 71, 2, 111, 257, 2, 2, 'support', 'confirmed', '2018-09-25 09:58:25', NULL),
(993, '2018-09-25 12:30', '2018-09-25 12:40', 82, 2, 125, 231, 3, 2, 'Update.', 'confirmed', '2018-09-25 10:19:28', NULL),
(994, '2018-09-25 16:00', '2018-09-25 16:20', 71, 2, 111, 272, 3, 2, 'support', 'confirmed', '2018-09-25 13:57:32', NULL),
(995, '2018-09-25 17:30', '2018-09-25 18:00', 91, 2, 112, 266, 1, 2, 'supp', 'confirmed', '2018-09-25 14:16:41', NULL),
(996, '2018-09-25 08:20', '2018-09-25 08:57', 76, 2, 268, 269, 3, 1, 'danny', 'confirmed', '2018-09-26 07:02:49', NULL),
(997, '2018-09-26 09:54', '2018-09-26 10:55', 57, 2, 94, 297, 3, 2, 'support', 'confirmed', '2018-09-26 08:55:21', NULL),
(998, '2018-09-26 10:55', '2018-09-26 11:00', 57, 2, 94, 297, 1, 2, 'support', 'confirmed', '2018-09-26 08:56:06', NULL),
(999, '2018-09-26 13:02', '2018-09-26 13:10', 57, 2, 111, 183, 2, 2, 'support', 'confirmed', '2018-09-26 11:03:09', NULL),
(1000, '2018-09-26 15:40', '2018-09-26 15:50', 38, 2, 275, 112, 2, 2, 'anydesk', 'confirmed', '2018-09-26 13:42:32', NULL),
(1001, '2018-09-27 10:20', '2018-09-27 10:40', 71, 2, 111, 305, 3, 2, 'support', 'confirmed', '2018-09-27 08:06:35', NULL),
(1002, '2018-09-28 09:50', '2018-09-28 10:00', 82, 2, 111, 271, 1, 2, 'SDC ERROR', 'confirmed', '2018-09-28 07:45:45', NULL),
(1003, '2018-09-28 10:14', '2018-09-28 10:45', 57, 2, 111, 261, 3, 2, 'support', 'confirmed', '2018-09-28 08:15:30', NULL),
(1004, '2018-09-28 10:50', '2018-09-28 11:10', 1, 2, 111, 267, 3, 2, 'Ishyiga alert', 'confirmed', '2018-09-28 08:28:22', NULL),
(1005, '2018-10-02 09:30', '2018-10-02 09:50', 82, 2, 111, 217, 2, 2, 'Environment Assessment.', 'confirmed', '2018-10-02 07:44:17', NULL),
(1006, '2018-10-02 10:30', '2018-10-02 11:00', 84, 2, 258, 129, 1, 2, 'Gusoza update', 'confirmed', '2018-10-02 08:30:52', NULL),
(1007, '2018-10-02 11:00', '2018-10-02 11:30', 38, 2, 121, 91, 1, 2, 'supp', 'confirmed', '2018-10-02 08:39:03', NULL),
(1008, '2018-10-02 12:00', '2018-10-02 12:20', 57, 2, 111, 206, 1, 2, 'SUPPORT', 'confirmed', '2018-10-02 09:38:04', NULL),
(1009, '2018-10-02 17:45', '2018-10-02 18:00', 88, 2, 112, 275, 1, 2, 'supp', 'confirmed', '2018-10-02 14:47:09', NULL),
(1010, '2018-10-05 10:25', '2018-10-05 10:50', 20, 2, 111, 97, 2, 2, 'Inventaire', 'confirmed', '2018-10-05 08:09:25', NULL),
(1011, '2018-10-09 11:20', '2018-10-09 11:30', 82, 2, 193, 104, 1, 2, 'Support ', 'confirmed', '2018-10-09 09:17:43', NULL),
(1012, '2018-10-10 08:50', '2018-10-10 09:00', 20, 2, 111, 90, 2, 2, 'Help', 'confirmed', '2018-10-10 06:38:39', NULL),
(1013, '2018-10-10 10:15', '2018-10-10 10:30', 20, 2, 90, 270, 1, 2, 'Ishyiga ritaka', 'confirmed', '2018-10-10 08:01:29', NULL),
(1014, '2018-10-10 11:00', '2018-10-10 11:30', 21, 2, 252, 97, 2, 4, 'recovery', 'confirmed', '2018-10-10 08:56:51', NULL),
(1015, '2018-10-11 11:30', '2018-10-11 11:45', 82, 2, 273, 238, 3, 2, 'Support', 'confirmed', '2018-10-11 09:18:10', NULL),
(1016, '2018-10-11 16:50', '2018-10-11 17:00', 82, 2, 125, 254, 1, 2, 'Support ', 'confirmed', '2018-10-11 14:38:24', NULL),
(1017, '2018-10-12 11:25', '2018-10-12 11:40', 20, 2, 111, 310, 2, 2, 'Help', 'confirmed', '2018-10-12 09:16:08', NULL),
(1018, '2018-10-12 12:10', '2018-10-12 12:45', 58, 2, 111, 4, 1, 2, 'gufasha umu client', 'confirmed', '2018-10-12 10:09:47', NULL),
(1019, '2018-10-12 17:10', '2018-10-12 17:31', 80, 2, 252, 92, 2, 4, 'Customers', 'confirmed', '2018-10-12 10:22:46', NULL),
(1020, '2018-10-15 10:52', '2018-10-15 11:30', 27, 2, 293, 231, 1, 1, 'Supp', 'confirmed', '2018-10-15 08:53:16', NULL),
(1021, '2018-10-15 14:35', '2018-10-15 14:55', 27, 2, 111, 179, 1, 2, 'DDC ', 'confirmed', '2018-10-15 12:37:01', NULL),
(1022, '2018-10-16 09:50', '2018-10-16 10:10', 91, 2, 111, 235, 1, 2, 'supp', 'confirmed', '2018-10-16 07:41:55', NULL),
(1023, '2018-10-16 10:15', '2018-10-16 10:45', 24, 2, 111, 211, 2, 2, 'In contract', 'confirmed', '2018-10-16 08:08:45', NULL),
(1024, '2018-10-16 14:45', '2018-10-16 14:55', 20, 2, 111, 310, 2, 2, 'Support', 'confirmed', '2018-10-16 12:38:59', NULL),
(1025, '2018-10-17 11:40', '2018-10-17 12:00', 20, 2, 286, 236, 3, 2, 'Update', 'confirmed', '2018-10-17 09:27:19', NULL),
(1026, '2018-10-17 15:35', '2018-10-17 15:55', 58, 2, 111, 311, 2, 2, 'Support', 'confirmed', '2018-10-17 13:31:24', NULL),
(1027, '2018-10-17 15:25', '2018-10-17 15:35', 82, 2, 111, 104, 2, 2, 'Supp', 'confirmed', '2018-10-17 13:32:58', NULL),
(1028, '2018-10-17 16:20', '2018-10-17 17:00', 93, 2, 1, 266, 3, 2, 'work', 'confirmed', '2018-10-17 14:26:40', NULL),
(1029, '2018-10-22 13:55', '2018-10-22 14:15', 86, 2, 111, 188, 1, 1, 'booking to ddc', 'confirmed', '2018-10-22 11:43:30', '2018-10-22 11:44:56'),
(1030, '2018-10-25 16:25', '2018-10-25 17:00', 93, 2, 1, 291, 3, 2, 'job', 'confirmed', '2018-10-22 14:27:16', NULL),
(1031, '2018-10-22 17:50', '2018-10-22 18:00', 20, 2, 255, 286, 2, 2, 'Help', 'confirmed', '2018-10-22 15:36:58', NULL),
(1032, '2018-10-23 15:40', '2018-10-23 15:55', 20, 2, 277, 100, 1, 2, 'Help', 'confirmed', '2018-10-23 13:30:48', NULL),
(1033, '2018-10-24 15:33', '2018-10-24 15:50', 21, 2, 252, 94, 2, 3, 'BANK', 'confirmed', '2018-10-24 13:35:12', NULL),
(1034, '2018-10-25 01:10', '2018-10-25 01:20', 82, 2, 104, 273, 2, 2, 'Additional Assurances', 'confirmed', '2018-10-25 10:50:31', NULL),
(1035, '2018-10-25 15:30', '2018-10-25 15:50', 58, 2, 112, 312, 2, 2, 'support', 'confirmed', '2018-10-25 13:19:59', NULL),
(1036, '2018-10-26 12:20', '2018-10-26 12:50', 58, 2, 252, 313, 2, 2, 'Support', 'confirmed', '2018-10-26 10:12:25', NULL),
(1037, '2018-10-26 14:49', '2018-10-26 14:55', 71, 2, 111, 301, 3, 2, 'support', 'confirmed', '2018-10-26 12:49:52', NULL),
(1038, '2018-10-29 14:40', '2018-10-29 15:00', 20, 2, 179, 90, 1, 2, 'Compta', 'confirmed', '2018-10-29 12:08:21', NULL),
(1039, '2018-10-30 11:35', '2018-10-30 11:40', 92, 2, 111, 94, 1, 2, 'Anydesk', 'confirmed', '2018-10-30 09:31:57', NULL),
(1040, '2018-10-30 14:00', '2018-10-30 14:20', 92, 2, 126, 111, 1, 2, 'Any desk', 'confirmed', '2018-10-30 11:56:23', NULL),
(1041, '2018-10-30 15:10', '2018-10-30 15:20', 82, 2, 111, 282, 3, 2, 'Support', 'confirmed', '2018-10-30 12:43:11', NULL),
(1042, '2018-10-30 18:10', '2018-10-30 18:20', 82, 2, 273, 251, 3, 2, 'Support', 'confirmed', '2018-10-30 16:07:25', NULL),
(1043, '2018-10-31 14:30', '2018-10-31 14:45', 82, 2, 111, 273, 2, 2, 'Support.', 'confirmed', '2018-10-31 12:25:29', NULL),
(1044, '2018-11-01 12:10', '2018-11-01 12:30', 20, 2, 111, 236, 2, 2, 'Gusubizamo ishyiga', 'confirmed', '2018-11-01 10:02:07', NULL),
(1045, '2018-11-02 11:07', '2018-11-02 11:20', 20, 2, 111, 90, 1, 2, 'Sdc', 'confirmed', '2018-11-02 09:07:44', NULL),
(1046, '2018-11-02 11:30', '2018-11-02 11:50', 58, 2, 99, 267, 2, 2, 'Support', 'confirmed', '2018-11-02 09:23:02', NULL),
(1047, '2018-11-02 12:20', '2018-11-02 12:40', 20, 2, 90, 236, 2, 2, 'Sdc', 'confirmed', '2018-11-02 10:15:04', NULL),
(1048, '2018-11-02 13:10', '2018-11-02 13:25', 82, 2, 125, 112, 2, 2, 'Training.', 'confirmed', '2018-11-02 10:24:21', NULL),
(1049, '2018-11-02 15:50', '2018-11-02 16:10', 58, 2, 267, 314, 2, 2, 'Support', 'confirmed', '2018-11-02 13:40:15', NULL),
(1050, '2018-11-02 16:30', '2018-11-02 16:40', 20, 2, 111, 100, 1, 2, 'Sdc', 'confirmed', '2018-11-02 14:12:45', NULL),
(1051, '2018-11-02 17:20', '2018-11-02 17:30', 93, 2, 1, 291, 3, 2, 'work', 'confirmed', '2018-11-02 15:22:39', NULL),
(1052, '2018-11-05 13:45', '2018-11-05 14:20', 27, 2, 247, 210, 1, 2, 'Supp', 'confirmed', '2018-11-05 11:41:34', NULL),
(1053, '2018-11-05 14:23', '2018-11-05 14:55', 82, 2, 125, 102, 1, 2, 'Hello ', 'confirmed', '2018-11-05 11:47:39', NULL),
(1054, '2018-11-06 10:55', '2018-11-06 11:10', 20, 2, 286, 249, 2, 2, 'Gucana ', 'confirmed', '2018-11-06 08:44:02', NULL),
(1055, '2018-11-06 12:45', '2018-11-06 13:00', 20, 2, 249, 180, 2, 2, 'Queue', 'confirmed', '2018-11-06 10:36:06', NULL),
(1056, '2018-11-07 11:25', '2018-11-07 11:45', 92, 2, 111, 242, 2, 2, 'Job', 'confirmed', '2018-11-07 09:21:04', NULL),
(1057, '2018-11-07 15:30', '2018-11-07 15:31', 84, 2, 111, 129, 1, 2, 'UNR ntago item zijya muri panier', 'confirmed', '2018-11-07 13:00:28', NULL),
(1058, '2018-11-14 14:45', '2018-11-14 14:55', 58, 2, 246, 267, 3, 2, 'Support', 'confirmed', '2018-11-14 12:47:35', NULL),
(1059, '2018-11-15 10:10', '2018-11-15 10:30', 20, 2, 111, 180, 2, 2, 'Help', 'confirmed', '2018-11-15 08:09:16', NULL),
(1060, '2018-11-15 14:30', '2018-11-15 14:50', 20, 2, 180, 213, 2, 2, 'Help', 'confirmed', '2018-11-15 11:58:07', NULL),
(1061, '2018-11-16 15:30', '2018-11-16 15:50', 86, 2, 111, 306, 2, 2, 'Kujya gukorera umukiriya', 'confirmed', '2018-11-16 13:19:27', NULL),
(1062, '2018-11-16 17:15', '2018-11-16 17:40', 20, 2, 111, 249, 2, 2, 'Proforma', 'confirmed', '2018-11-16 15:06:20', NULL),
(1063, '2018-11-19 12:00', '2018-11-19 13:00', 58, 2, 194, 313, 2, 2, 'Support', 'confirmed', '2018-11-19 08:17:08', NULL),
(1064, '2018-11-20 10:30', '2018-11-20 10:50', 20, 2, 134, 97, 2, 2, 'Help', 'confirmed', '2018-11-20 08:07:02', NULL),
(1065, '2018-11-20 12:30', '2018-11-20 12:50', 20, 2, 184, 134, 2, 2, 'Livraison', 'confirmed', '2018-11-20 09:57:07', NULL),
(1066, '2018-11-22 10:35', '2018-11-22 11:00', 24, 2, 235, 316, 2, 2, 'Training', 'confirmed', '2018-11-22 08:33:40', NULL),
(1067, '2018-11-22 15:50', '2018-11-22 16:00', 38, 2, 112, 275, 2, 2, 'HELP', 'confirmed', '2018-11-22 12:01:33', NULL),
(1068, '2018-11-26 09:00', '2018-11-26 09:45', 90, 2, 94, 211, 1, 2, 'Support', 'confirmed', '2018-11-26 07:03:43', NULL),
(1069, '2018-11-26 14:53', '2018-11-26 15:00', 20, 2, 111, 270, 1, 2, 'Sdc', 'confirmed', '2018-11-26 12:51:53', NULL),
(1070, '2018-11-27 11:10', '2018-11-27 11:30', 58, 2, 311, 196, 3, 2, 'Support', 'confirmed', '2018-11-27 08:55:44', NULL),
(1071, '2018-11-27 12:50', '2018-11-27 13:10', 58, 2, 196, 99, 2, 2, 'Support', 'confirmed', '2018-11-27 10:45:47', NULL),
(1072, '2018-11-27 13:10', '2018-11-27 13:40', 92, 2, 242, 317, 2, 2, 'Job', 'confirmed', '2018-11-27 11:03:18', NULL),
(1073, '2018-11-27 14:33', '2018-11-27 14:50', 91, 2, 111, 265, 1, 2, 'supp', 'confirmed', '2018-11-27 12:34:25', NULL),
(1074, '2018-11-28 10:20', '2018-11-28 10:40', 58, 2, 309, 312, 2, 2, 'Support', 'confirmed', '2018-11-28 08:28:47', NULL),
(1075, '2018-11-28 15:00', '2018-11-28 15:20', 58, 2, 312, 99, 2, 2, 'Support', 'confirmed', '2018-11-28 12:53:34', NULL),
(1076, '2018-11-29 09:15', '2018-11-29 09:30', 58, 2, 111, 318, 2, 2, 'Support', 'confirmed', '2018-11-29 06:48:14', NULL),
(1077, '2018-11-30 14:00', '2018-11-30 14:15', 95, 2, 111, 121, 1, 2, 'it is urgent', 'confirmed', '2018-11-30 11:05:42', NULL),
(1078, '2018-12-03 11:00', '2018-12-03 11:15', 86, 2, 111, 94, 1, 2, 'kujya gufasha umukiriya.', 'confirmed', '2018-12-03 08:48:10', NULL),
(1079, '2018-12-03 13:20', '2018-12-03 13:30', 20, 2, 184, 286, 2, 2, 'Inventaire', 'confirmed', '2018-12-03 10:59:56', NULL),
(1080, '2018-12-03 14:35', '2018-12-03 14:50', 20, 2, 111, 286, 2, 2, 'Inventaire', 'confirmed', '2018-12-03 12:33:07', NULL),
(1081, '2018-12-04 15:00', '2018-12-04 15:15', 20, 2, 111, 184, 2, 2, 'Autorisation', 'confirmed', '2018-12-04 12:41:10', NULL),
(1082, '2018-12-05 12:00', '2018-12-05 12:30', 58, 2, 111, 311, 2, 2, 'Support', 'confirmed', '2018-12-05 09:46:58', NULL),
(1083, '2018-12-07 11:15', '2018-12-07 11:30', 58, 2, 111, 318, 2, 2, 'Support', 'confirmed', '2018-12-07 09:08:23', NULL),
(1084, '2018-12-07 11:30', '2018-12-07 11:40', 58, 2, 318, 111, 2, 2, 'Support', 'confirmed', '2018-12-07 09:31:53', NULL),
(1085, '2018-12-07 12:00', '2018-12-07 12:20', 20, 2, 111, 249, 2, 2, 'New', 'confirmed', '2018-12-07 09:57:20', NULL),
(1086, '2018-12-18 10:50', '2018-12-18 11:10', 20, 2, 97, 249, 1, 2, 'Installation', 'confirmed', '2018-12-18 08:40:16', NULL),
(1087, '2018-12-28 09:03', '2018-12-28 09:55', 20, 2, 111, 249, 1, 2, 'Byanze', 'confirmed', '2018-12-28 07:51:20', NULL),
(1088, '2018-12-28 09:55', '2018-12-28 10:10', 20, 2, 249, 134, 1, 2, 'Inventaire', 'confirmed', '2018-12-28 07:53:23', NULL),
(1089, '2019-01-07 12:55', '2019-01-07 13:20', 20, 2, 134, 270, 1, 2, 'Start', 'confirmed', '2019-01-07 10:50:53', NULL),
(1090, '2019-01-07 15:30', '2019-01-07 15:45', 84, 2, 304, 319, 1, 2, 'PRINTER SERVICES NOT WORKING', 'confirmed', '2019-01-07 11:12:07', NULL),
(1091, '2019-01-08 13:15', '2019-01-08 13:30', 20, 2, 293, 303, 2, 2, 'Contract', 'confirmed', '2019-01-08 11:15:22', NULL),
(1092, '2019-01-10 10:25', '2019-01-10 10:45', 20, 2, 255, 180, 2, 2, 'Printer', 'confirmed', '2019-01-10 08:19:09', NULL),
(1093, '2019-01-14 11:15', '2019-01-14 11:30', 20, 2, 111, 90, 1, 2, 'Ritaka', 'confirmed', '2019-01-14 09:12:03', NULL),
(1094, '2019-01-15 08:45', '2019-01-15 09:20', 20, 2, 111, 180, 1, 2, 'Printer', 'confirmed', '2019-01-15 06:39:23', NULL),
(1095, '2019-01-16 09:45', '2019-01-16 10:40', 80, 2, 252, 94, 1, 4, 'Tuuza inn contract establishment', 'confirmed', '2019-01-15 16:43:49', NULL),
(1096, '2019-01-16 15:10', '2019-01-16 15:45', 38, 2, 320, 92, 2, 2, 'SUPPORT', 'confirmed', '2019-01-16 13:03:30', NULL),
(1097, '2019-01-17 09:40', '2019-01-17 10:15', 80, 2, 252, 94, 1, 4, 'Kipharma meeting', 'confirmed', '2019-01-17 07:17:37', NULL),
(1098, '2019-01-17 11:00', '2019-01-17 11:15', 20, 2, 90, 286, 3, 2, 'Help', 'confirmed', '2019-01-17 08:49:18', NULL),
(1099, '2019-01-17 13:50', '2019-01-17 14:32', 80, 2, 252, 321, 1, 4, 'Meeting', 'confirmed', '2019-01-17 11:16:35', NULL),
(1100, '2019-01-18 11:10', '2019-01-18 11:30', 20, 2, 249, 270, 2, 2, 'Help', 'confirmed', '2019-01-18 09:00:56', NULL),
(1101, '2019-01-29 18:30', '2019-01-29 18:45', 38, 2, 259, 320, 1, 2, 'support', 'confirmed', '2019-01-29 16:26:08', NULL),
(1102, '2019-01-31 15:00', '2019-01-31 15:30', 86, 2, 111, 306, 3, 2, 'Gufasha umukiriya ', 'confirmed', '2019-01-31 13:03:14', NULL),
(1103, '2019-02-05 15:59', '2019-02-05 16:20', 38, 2, 320, 111, 2, 3, 'Contract', 'confirmed', '2019-02-05 13:18:22', NULL),
(1104, '2019-02-12 16:00', '2019-02-12 16:15', 38, 2, 320, 322, 2, 3, 'CONTRACT', 'confirmed', '2019-02-12 13:49:35', NULL),
(1105, '2019-02-20 11:17', '2019-02-20 11:35', 20, 2, 277, 100, 3, 2, 'Contract', 'confirmed', '2019-02-20 09:15:23', NULL),
(1106, '2019-03-01 11:10', '2019-03-01 11:30', 82, 2, 111, 323, 3, 2, 'Installation', 'confirmed', '2019-03-01 09:01:06', NULL),
(1107, '2019-03-04 08:00', '2019-03-04 09:00', 82, 2, 111, 323, 2, 2, 'Installation ', 'confirmed', '2019-03-03 21:59:25', NULL),
(1108, '2019-03-05 12:24', '2019-03-05 12:50', 86, 2, 111, 284, 3, 2, 'Kujya gufasha umukiriya', 'confirmed', '2019-03-05 10:28:33', NULL);

-- --------------------------------------------------------

--
-- Table structure for table `fluid_booking_row`
--

CREATE TABLE `fluid_booking_row` (
  `id` int(11) NOT NULL,
  `id_booking` int(11) DEFAULT NULL,
  `description` text COLLATE utf8_unicode_ci NOT NULL,
  `id_user` int(11) NOT NULL,
  `id_place0` int(11) DEFAULT NULL,
  `id_placef` int(11) DEFAULT NULL
) ENGINE=InnoDB DEFAULT CHARSET=utf8 COLLATE=utf8_unicode_ci;

--
-- Dumping data for table `fluid_booking_row`
--

INSERT INTO `fluid_booking_row` (`id`, `id_booking`, `description`, `id_user`, `id_place0`, `id_placef`) VALUES
(1, 2, 'akazi', 0, NULL, NULL),
(2, 3, 'lift', 0, NULL, NULL),
(3, 1, 'lift', 0, NULL, NULL),
(4, 1, 'lift', 0, NULL, NULL),
(5, 3, 'lift', 0, NULL, NULL),
(6, 1, '$description', 0, NULL, NULL),
(7, 1, 'lift', 0, NULL, NULL),
(8, NULL, '$description', 0, NULL, NULL),
(9, 105, '0', 58, 111, 113),
(10, 105, '0', 56, 111, 180),
(11, 105, '0', 56, 111, 178),
(12, 254, '0', 56, 111, 180),
(13, 254, '0', 56, 111, 180),
(14, 0, '0', 1, 111, 180),
(15, 0, '0', 1, 111, 180),
(16, 0, '0', 1, 124, 180),
(17, 0, '0', 1, 111, 180),
(18, 0, '0', 56, 180, 111),
(19, 0, '0', 1, 111, 126),
(20, 261, '0', 22, 127, 112),
(21, 273, '0', 70, 177, 151),
(22, 275, '0', 70, 177, 151),
(23, 276, '0', 70, 177, 136),
(24, 283, '0', 4, 187, 184),
(25, 335, '0', 32, 102, 111),
(26, 342, '0', 21, 111, 195),
(27, 345, '0', 24, 211, 109),
(28, 346, '0', 1, 111, 126),
(29, 347, '0', 57, 101, 111),
(30, 348, '0', 82, 111, 188),
(31, 359, '0', 24, 211, 201),
(32, 379, '0', 1, 111, 126),
(33, 389, '0', 2, 111, 188),
(34, 398, '0', 24, 205, 111),
(35, 412, '0', 22, 4, 111),
(36, 413, '0', 82, 103, 111),
(37, 425, '0', 27, 135, 111),
(38, 474, '6', 84, 111, 226),
(39, 474, '0', 38, 111, 226),
(40, 474, '0', 26, 111, 226),
(41, 476, '0', 27, 1, 210),
(42, 489, '0', 27, 111, 124),
(43, 513, '0', 20, 111, 100),
(44, 536, '0', 20, 106, 238),
(45, 548, '0', 32, 115, 111),
(46, 595, '0', 82, 111, 217),
(47, 639, '0', 71, 259, 225),
(48, 837, '0', 90, 187, 187),
(49, 842, '0', 91, 259, 266),
(50, 847, '0', 91, 259, 266),
(51, 849, '0', 91, 266, 94),
(52, 854, '0', 91, 266, 94),
(53, 860, '0', 91, 266, 94),
(54, 867, '0', 90, 266, 94),
(55, 883, '0', 91, 294, 94),
(56, 888, '0', 91, 266, 94),
(57, 911, '0', 90, 294, 94),
(58, 912, '0', 91, 291, 94),
(59, 913, '0', 90, 266, 94),
(60, 941, '0', 90, 266, 94),
(61, 949, '0', 91, 294, 94),
(62, 951, '0', 91, 266, 94),
(63, 957, '0', 90, 266, 94),
(64, 962, '0', 91, 266, 94),
(65, 973, '0', 90, 266, 94),
(66, 978, '0', 90, 291, 94),
(67, 994, '0', 82, 111, 254),
(68, 995, '0', 90, 111, 266);

-- --------------------------------------------------------

--
-- Table structure for table `fluid_car`
--

CREATE TABLE `fluid_car` (
  `id` int(100) NOT NULL,
  `id_subcompany` int(100) DEFAULT NULL,
  `plaque` varchar(100) NOT NULL,
  `marque` varchar(100) NOT NULL,
  `insurance_date` date DEFAULT NULL,
  `control_technique_date` date DEFAULT NULL,
  `standard` text NOT NULL,
  `fuel_consumption` int(11) DEFAULT NULL COMMENT 'km/l',
  `id_driver` int(11) DEFAULT NULL,
  `seats` int(11) DEFAULT NULL
) ENGINE=MyISAM DEFAULT CHARSET=latin1;

--
-- Dumping data for table `fluid_car`
--

INSERT INTO `fluid_car` (`id`, `id_subcompany`, `plaque`, `marque`, `insurance_date`, `control_technique_date`, `standard`, `fuel_consumption`, `id_driver`, `seats`) VALUES
(1, 3, 'RAC650V(NISSAN)', 'NISSAN MARCH', '2018-10-10', '2018-08-16', 'mechanical issue', 8, 75, 8),
(2, 3, 'RAD478P(AVANZA)', 'AVANZA', '2018-11-21', '2017-10-01', 'available', 9, 75, 8),
(3, 3, 'RAD672S(BMW325)', 'BMW325', NULL, NULL, 'available', 6, 75, 4),
(15, 4, 'RAB 831A', 'TOYOTA', '2018-05-23', '2018-05-23', 'available', 10, 79, 8),
(16, 4, 'RAC 198C', 'ACTROSS', '2018-04-06', '2017-10-01', 'available', 10, 79, 4),
(20, 4, 'RAC 330E', 'JIPE', '2018-09-11', '2017-10-01', 'available', 10, 79, 8),
(19, 4, 'RAC 034T', 'ACTROSS', '2018-08-16', '2018-09-14', 'available', 10, 79, 8),
(21, 4, 'RAC 730N', 'ACTROSS', '2017-12-12', '2017-10-01', 'available', 10, 79, 7),
(22, 4, 'RAD 161K', 'ACTROSS', '2017-12-12', '2017-10-01', 'available', 10, 79, 8),
(23, 4, 'RAD 695I', 'ACTROSS', '2017-12-12', '2017-10-01', 'Control Technique', 10, 79, 7),
(24, 4, 'RAD 868G', 'COROLA', '2017-12-12', '2017-10-01', 'available', 10, 79, 8),
(25, 4, 'RAD 663B', 'DINNER', '2017-12-12', '2017-10-01', 'available', 10, 79, 8),
(26, 4, 'RAB209 J', 'BENZ', '2018-04-01', '2018-05-23', 'Control Technique', 8, 76, 8);

-- --------------------------------------------------------

--
-- Table structure for table `fluid_car_location`
--

CREATE TABLE `fluid_car_location` (
  `id` int(255) NOT NULL,
  `car_id` int(100) NOT NULL,
  `id_place` int(255) NOT NULL,
  `comments` text COLLATE utf8_unicode_ci NOT NULL,
  `status_id` int(255) NOT NULL,
  `address` varchar(255) COLLATE utf8_unicode_ci DEFAULT NULL
) ENGINE=InnoDB DEFAULT CHARSET=utf8 COLLATE=utf8_unicode_ci;

--
-- Dumping data for table `fluid_car_location`
--

INSERT INTO `fluid_car_location` (`id`, `car_id`, `id_place`, `comments`, `status_id`, `address`) VALUES
(1, 1, 126, 'irategereje  ummukozi', 3, ''),
(2, 2, 113, 'Fidele', 2, 'KN 34 Street,KN 34 St,Nyarugenge,Kigali,Kigali City,Rwanda,RW'),
(3, 3, 202, 'waiting', 3, ''),
(4, 19, 192, '', 0, NULL),
(5, 19, 137, 'hh', 1, NULL),
(6, 20, 137, 'hh', 1, NULL),
(7, 21, 192, 'hh', 1, NULL),
(8, 22, 138, 'hh', 1, NULL),
(9, 18, 192, 'hh', 1, NULL),
(10, 23, 141, 'hh', 1, NULL),
(11, 24, 192, 'hh', 1, NULL),
(12, 15, 136, 'HH', 1, NULL),
(13, 16, 156, 'HH', 1, NULL),
(14, 24, 136, 'HH', 1, NULL),
(15, 25, 142, 'HH', 1, NULL),
(16, 26, 137, 'HH', 1, NULL);

-- --------------------------------------------------------

--
-- Table structure for table `fluid_cell`
--

CREATE TABLE `fluid_cell` (
  `id` int(11) NOT NULL,
  `province_id` int(11) NOT NULL,
  `district_id` int(11) NOT NULL,
  `sector_id` int(11) NOT NULL,
  `name` varchar(75) NOT NULL
) ENGINE=InnoDB DEFAULT CHARSET=latin1;

--
-- Dumping data for table `fluid_cell`
--

INSERT INTO `fluid_cell` (`id`, `province_id`, `district_id`, `sector_id`, `name`) VALUES
(1, 1, 1, 1, 'Akabahizi'),
(2, 1, 1, 1, 'Akabeza'),
(3, 1, 1, 1, 'Gacyamo'),
(4, 1, 1, 1, 'Kigarama'),
(5, 1, 1, 1, 'Kinyange'),
(6, 1, 1, 1, 'Kora'),
(7, 1, 1, 2, 'Nyamweru'),
(8, 1, 1, 2, 'Nzove'),
(9, 1, 1, 2, 'Taba'),
(10, 1, 1, 3, 'Kigali'),
(11, 1, 1, 3, 'Mwendo'),
(12, 1, 1, 3, 'Nyabugogo'),
(13, 1, 1, 3, 'Ruriba'),
(14, 1, 1, 3, 'Rwesero'),
(15, 1, 1, 4, 'Kamuhoza'),
(16, 1, 1, 4, 'Katabaro'),
(17, 1, 1, 4, 'Kimisagara'),
(18, 1, 1, 5, 'Kankuba'),
(19, 1, 1, 5, 'Kavumu'),
(20, 1, 1, 5, 'Mataba'),
(21, 1, 1, 5, 'Ntungamo'),
(22, 1, 1, 5, 'Nyarufunzo'),
(23, 1, 1, 5, 'Nyarurenzi'),
(24, 1, 1, 5, 'Runzenze'),
(25, 1, 1, 6, 'Amahoro'),
(26, 1, 1, 6, 'Kabasengerezi'),
(27, 1, 1, 6, 'Kabeza'),
(28, 1, 1, 6, 'Nyabugogo'),
(29, 1, 1, 6, 'Rugenge'),
(30, 1, 1, 6, 'Tetero'),
(31, 1, 1, 6, 'Ubumwe'),
(32, 1, 1, 7, 'Munanira I'),
(33, 1, 1, 7, 'Munanira Ii'),
(34, 1, 1, 7, 'Nyakabanda I'),
(35, 1, 1, 7, 'Nyakabanda Ii'),
(36, 1, 1, 8, 'Cyivugiza'),
(37, 1, 1, 8, 'Gasharu'),
(38, 1, 1, 8, 'Mumena'),
(39, 1, 1, 8, 'Rugarama'),
(40, 1, 1, 9, 'Agatare'),
(41, 1, 1, 9, 'Biryogo'),
(42, 1, 1, 9, 'Kiyovu'),
(43, 1, 1, 9, 'Rwampara'),
(44, 1, 1, 10, 'Kabuguru I'),
(45, 1, 1, 10, 'Kabuguru Ii'),
(46, 1, 1, 10, 'Rwezamenyo I'),
(47, 1, 1, 10, 'Rwezamenyo Ii'),
(48, 1, 2, 11, 'Kinyaga'),
(49, 1, 2, 11, 'Musave'),
(50, 1, 2, 11, 'Mvuzo'),
(51, 1, 2, 11, 'Ngara'),
(52, 1, 2, 11, 'Nkuzuzu'),
(53, 1, 2, 11, 'Nyabikenke'),
(54, 1, 2, 11, 'Nyagasozi'),
(55, 1, 2, 12, 'Karuruma'),
(56, 1, 2, 12, 'Nyamabuye'),
(57, 1, 2, 12, 'Nyamugari'),
(58, 1, 2, 13, 'Gasagara'),
(59, 1, 2, 13, 'Gicaca'),
(60, 1, 2, 13, 'Kibara'),
(61, 1, 2, 13, 'Munini'),
(62, 1, 2, 13, 'Murambi'),
(63, 1, 2, 14, 'Musezero'),
(64, 1, 2, 14, 'Ruhango'),
(65, 1, 2, 15, 'Akamatamu'),
(66, 1, 2, 15, 'Bweramvura'),
(67, 1, 2, 15, 'Kabuye'),
(68, 1, 2, 15, 'Kidashya'),
(69, 1, 2, 15, 'Ngiryi'),
(70, 1, 2, 16, 'Agateko'),
(71, 1, 2, 16, 'Buhiza'),
(72, 1, 2, 16, 'Muko'),
(73, 1, 2, 16, 'Nkusi'),
(74, 1, 2, 16, 'Nyabuliba'),
(75, 1, 2, 16, 'Nyakabungo'),
(76, 1, 2, 16, 'Nyamitanga'),
(77, 1, 2, 17, 'Kamatamu'),
(78, 1, 2, 17, 'Kamutwa'),
(79, 1, 2, 17, 'Kibaza'),
(80, 1, 2, 18, 'Kamukina'),
(81, 1, 2, 18, 'Kimihurura'),
(82, 1, 2, 18, 'Rugando'),
(83, 1, 2, 19, 'Bibare'),
(84, 1, 2, 19, 'Kibagabaga'),
(85, 1, 2, 19, 'Nyagatovu'),
(86, 1, 2, 20, 'Gacuriro'),
(87, 1, 2, 20, 'Gasharu'),
(88, 1, 2, 20, 'Kagugu'),
(89, 1, 2, 20, 'Murama'),
(90, 1, 2, 21, 'Bwiza'),
(91, 1, 2, 21, 'Cyaruzinge'),
(92, 1, 2, 21, 'Kibenga'),
(93, 1, 2, 21, 'Masoro'),
(94, 1, 2, 21, 'Mukuyu'),
(95, 1, 2, 21, 'Rudashya'),
(96, 1, 2, 22, 'Butare'),
(97, 1, 2, 22, 'Gasanze'),
(98, 1, 2, 22, 'Gasura'),
(99, 1, 2, 22, 'Gatunga'),
(100, 1, 2, 22, 'Muremure'),
(101, 1, 2, 22, 'Sha'),
(102, 1, 2, 22, 'Shango'),
(103, 1, 2, 23, 'Nyabisindu'),
(104, 1, 2, 23, 'Nyarutarama'),
(105, 1, 2, 23, 'Rukiri I'),
(106, 1, 2, 23, 'Rukiri Ii'),
(107, 1, 2, 24, 'Bisenga'),
(108, 1, 2, 24, 'Gasagara'),
(109, 1, 2, 24, 'Kabuga I'),
(110, 1, 2, 24, 'Kabuga Ii'),
(111, 1, 2, 24, 'Kinyana'),
(112, 1, 2, 24, 'Mbandazi'),
(113, 1, 2, 24, 'Nyagahinga'),
(114, 1, 2, 24, 'Ruhanga'),
(115, 1, 2, 25, 'Gasabo'),
(116, 1, 2, 25, 'Indatemwa'),
(117, 1, 2, 25, 'Kabaliza'),
(118, 1, 2, 25, 'Kacyatwa'),
(119, 1, 2, 25, 'Kibenga'),
(120, 1, 2, 25, 'Kigabiro'),
(121, 1, 3, 26, 'Gahanga'),
(122, 1, 3, 26, 'Kagasa'),
(123, 1, 3, 26, 'Karembure'),
(124, 1, 3, 26, 'Murinja'),
(125, 1, 3, 26, 'Nunga'),
(126, 1, 3, 26, 'Rwabutenge'),
(127, 1, 3, 27, 'Gatenga'),
(128, 1, 3, 27, 'Karambo'),
(129, 1, 3, 27, 'Nyanza'),
(130, 1, 3, 27, 'Nyarurama'),
(131, 1, 3, 28, 'Kagunga'),
(132, 1, 3, 28, 'Kanserege'),
(133, 1, 3, 28, 'Kinunga'),
(134, 1, 3, 29, 'Kanserege'),
(135, 1, 3, 29, 'Muyange'),
(136, 1, 3, 29, 'Rukatsa'),
(137, 1, 3, 30, 'Busanza'),
(138, 1, 3, 30, 'Kabeza'),
(139, 1, 3, 30, 'Karama'),
(140, 1, 3, 30, 'Rubirizi'),
(141, 1, 3, 31, 'Gasharu'),
(142, 1, 3, 31, 'Kagina'),
(143, 1, 3, 31, 'Kicukiro'),
(144, 1, 3, 31, 'Ngoma'),
(145, 1, 3, 32, 'Bwerankori'),
(146, 1, 3, 32, 'Karugira'),
(147, 1, 3, 32, 'Kigarama'),
(148, 1, 3, 32, 'Nyarurama'),
(149, 1, 3, 32, 'Rwampara'),
(150, 1, 3, 33, 'Ayabaraya'),
(151, 1, 3, 33, 'Cyimo'),
(152, 1, 3, 33, 'Gako'),
(153, 1, 3, 33, 'Gitaraga'),
(154, 1, 3, 33, 'Mbabe'),
(155, 1, 3, 33, 'Rusheshe'),
(156, 1, 3, 34, 'Gatare'),
(157, 1, 3, 34, 'Niboye'),
(158, 1, 3, 34, 'Nyakabanda'),
(159, 1, 3, 35, 'Kamashashi'),
(160, 1, 3, 35, 'Nonko'),
(161, 1, 3, 35, 'Rwimbogo'),
(162, 2, 4, 36, 'Gahondo'),
(163, 2, 4, 36, 'Kavumu'),
(164, 2, 4, 36, 'Kibinja'),
(165, 2, 4, 36, 'Nyanza'),
(166, 2, 4, 36, 'Rwesero'),
(167, 2, 4, 37, 'Gitovu'),
(168, 2, 4, 37, 'Kimirama'),
(169, 2, 4, 37, 'Masangano'),
(170, 2, 4, 37, 'Munyinya'),
(171, 2, 4, 37, 'Rukingiro'),
(172, 2, 4, 37, 'Shyira'),
(173, 2, 4, 38, 'Kadaho'),
(174, 2, 4, 38, 'Karama'),
(175, 2, 4, 38, 'Nyabinyenga'),
(176, 2, 4, 38, 'Nyarurama'),
(177, 2, 4, 38, 'Rubona'),
(178, 2, 4, 39, 'Cyeru'),
(179, 2, 4, 39, 'Mbuye'),
(180, 2, 4, 39, 'Mututu'),
(181, 2, 4, 39, 'Rwotso'),
(182, 2, 4, 40, 'Butansinda'),
(183, 2, 4, 40, 'Butara'),
(184, 2, 4, 40, 'Gahombo'),
(185, 2, 4, 40, 'Gasoro'),
(186, 2, 4, 40, 'Mulinja'),
(187, 2, 4, 41, 'Cyerezo'),
(188, 2, 4, 41, 'Gatagara'),
(189, 2, 4, 41, 'Kiruli'),
(190, 2, 4, 41, 'Mpanga'),
(191, 2, 4, 41, 'Ngwa'),
(192, 2, 4, 41, 'Nkomero'),
(193, 2, 4, 42, 'Gati'),
(194, 2, 4, 42, 'Migina'),
(195, 2, 4, 42, 'Nyamiyaga'),
(196, 2, 4, 42, 'Nyamure'),
(197, 2, 4, 42, 'Nyundo'),
(198, 2, 4, 43, 'Bugali'),
(199, 2, 4, 43, 'Cyotamakara'),
(200, 2, 4, 43, 'Kagunga'),
(201, 2, 4, 43, 'Katarara'),
(202, 2, 4, 44, 'Gahunga'),
(203, 2, 4, 44, 'Kabirizi'),
(204, 2, 4, 44, 'Kabuga'),
(205, 2, 4, 44, 'Kirambi'),
(206, 2, 4, 44, 'Rurangazi'),
(207, 2, 4, 45, 'Gacu'),
(208, 2, 4, 45, 'Gishike'),
(209, 2, 4, 45, 'Mubuga'),
(210, 2, 4, 45, 'Mushirarungu'),
(211, 2, 4, 45, 'Nyarusange'),
(212, 2, 4, 45, 'Runga'),
(213, 2, 5, 46, 'Cyiri'),
(214, 2, 5, 46, 'Gasagara'),
(215, 2, 5, 46, 'Gikonko'),
(216, 2, 5, 46, 'Mbogo'),
(217, 2, 5, 47, 'Gabiro'),
(218, 2, 5, 47, 'Nyabitare'),
(219, 2, 5, 47, 'Nyakibungo'),
(220, 2, 5, 47, 'Nyeranzi'),
(221, 2, 5, 48, 'Akaboti'),
(222, 2, 5, 48, 'Bwiza'),
(223, 2, 5, 48, 'Sabusaro'),
(224, 2, 5, 48, 'Umunini'),
(225, 2, 5, 49, 'Duwani'),
(226, 2, 5, 49, 'Kibirizi'),
(227, 2, 5, 49, 'Muyira'),
(228, 2, 5, 49, 'Ruturo'),
(229, 2, 5, 50, 'Agahabwa'),
(230, 2, 5, 50, 'Gatovu'),
(231, 2, 5, 50, 'Impinga'),
(232, 2, 5, 50, 'Nyabikenke'),
(233, 2, 5, 50, 'Rubona'),
(234, 2, 5, 50, 'Rusagara'),
(235, 2, 5, 51, 'Gakoma'),
(236, 2, 5, 51, 'Kabumbwe'),
(237, 2, 5, 51, 'Mamba'),
(238, 2, 5, 51, 'Muyaga'),
(239, 2, 5, 51, 'Ramba'),
(240, 2, 5, 52, 'Cyumba'),
(241, 2, 5, 52, 'Muganza'),
(242, 2, 5, 52, 'Remera'),
(243, 2, 5, 52, 'Rwamiko'),
(244, 2, 5, 52, 'Saga'),
(245, 2, 5, 53, 'Baziro'),
(246, 2, 5, 53, 'Kibayi'),
(247, 2, 5, 53, 'Kibu'),
(248, 2, 5, 53, 'Mugombwa'),
(249, 2, 5, 53, 'Mukomacara'),
(250, 2, 5, 54, 'Gitega'),
(251, 2, 5, 54, 'Mukiza'),
(252, 2, 5, 54, 'Nyabisagara'),
(253, 2, 5, 54, 'Runyinya'),
(254, 2, 5, 55, 'Bukinanyana'),
(255, 2, 5, 55, 'Gatovu'),
(256, 2, 5, 55, 'Kigarama'),
(257, 2, 5, 55, 'Kimana'),
(258, 2, 5, 56, 'Bweya'),
(259, 2, 5, 56, 'Cyamukuza'),
(260, 2, 5, 56, 'Dahwe'),
(261, 2, 5, 56, 'Gisagara'),
(262, 2, 5, 56, 'Mukande'),
(263, 2, 5, 57, 'Higiro'),
(264, 2, 5, 57, 'Nyamugari'),
(265, 2, 5, 57, 'Nyaruteja'),
(266, 2, 5, 57, 'Umubanga'),
(267, 2, 5, 58, 'Gatoki'),
(268, 2, 5, 58, 'Munazi'),
(269, 2, 5, 58, 'Rwanza'),
(270, 2, 5, 58, 'Shyanda'),
(271, 2, 5, 58, 'Zivu'),
(272, 2, 6, 59, 'Kirarangombe'),
(273, 2, 6, 59, 'Nkanda'),
(274, 2, 6, 59, 'Nteko'),
(275, 2, 6, 59, 'Runyombyi'),
(276, 2, 6, 59, 'Shororo'),
(277, 2, 6, 60, 'Coko'),
(278, 2, 6, 60, 'Cyahinda'),
(279, 2, 6, 60, 'Gasasa'),
(280, 2, 6, 60, 'Muhambara'),
(281, 2, 6, 60, 'Rutobwe'),
(282, 2, 6, 61, 'Gakoma'),
(283, 2, 6, 61, 'Kibeho'),
(284, 2, 6, 61, 'Mbasa'),
(285, 2, 6, 61, 'Mpanda'),
(286, 2, 6, 61, 'Mubuga'),
(287, 2, 6, 61, 'Nyange'),
(288, 2, 6, 62, 'Cyanyirankora'),
(289, 2, 6, 62, 'Gahurizo'),
(290, 2, 6, 62, 'Kimina'),
(291, 2, 6, 62, 'Kivu'),
(292, 2, 6, 62, 'Rugerero'),
(293, 2, 6, 63, 'Gorwe'),
(294, 2, 6, 63, 'Murambi'),
(295, 2, 6, 63, 'Nyamabuye'),
(296, 2, 6, 63, 'Ramba'),
(297, 2, 6, 63, 'Rwamiko'),
(298, 2, 6, 64, 'Muganza'),
(299, 2, 6, 64, 'Rukore'),
(300, 2, 6, 64, 'Samiyonga'),
(301, 2, 6, 64, 'Uwacyiza'),
(302, 2, 6, 65, 'Giheta'),
(303, 2, 6, 65, 'Ngarurira'),
(304, 2, 6, 65, 'Ngeri'),
(305, 2, 6, 65, 'Ntwali'),
(306, 2, 6, 65, 'Nyarure'),
(307, 2, 6, 66, 'Bitare'),
(308, 2, 6, 66, 'Mukuge'),
(309, 2, 6, 66, 'Murama'),
(310, 2, 6, 66, 'Nyamirama'),
(311, 2, 6, 66, 'Nyanza'),
(312, 2, 6, 66, 'Yaramba'),
(313, 2, 6, 67, 'Fugi'),
(314, 2, 6, 67, 'Kibangu'),
(315, 2, 6, 67, 'Kiyonza'),
(316, 2, 6, 67, 'Mbuye'),
(317, 2, 6, 67, 'Nyamirama'),
(318, 2, 6, 67, 'Rubona'),
(319, 2, 6, 68, 'Gihemvu'),
(320, 2, 6, 68, 'Kabere'),
(321, 2, 6, 68, 'Mishungero'),
(322, 2, 6, 68, 'Nyabimata'),
(323, 2, 6, 68, 'Ruhinga'),
(324, 2, 6, 69, 'Maraba'),
(325, 2, 6, 69, 'Mwoya'),
(326, 2, 6, 69, 'Nkakwa'),
(327, 2, 6, 69, 'Nyagisozi'),
(328, 2, 6, 70, 'Gitita'),
(329, 2, 6, 70, 'Kabere'),
(330, 2, 6, 70, 'Remera'),
(331, 2, 6, 70, 'Ruyenzi'),
(332, 2, 6, 70, 'Uwumusebeya'),
(333, 2, 6, 71, 'Gabiro'),
(334, 2, 6, 71, 'Giseke'),
(335, 2, 6, 71, 'Nyarugano'),
(336, 2, 6, 71, 'Rugogwe'),
(337, 2, 6, 71, 'Ruramba'),
(338, 2, 6, 72, 'Bunge'),
(339, 2, 6, 72, 'Cyuna'),
(340, 2, 6, 72, 'Gikunzi'),
(341, 2, 6, 72, 'Mariba'),
(342, 2, 6, 72, 'Raranzige'),
(343, 2, 6, 72, 'Rusenge'),
(344, 2, 7, 73, 'Nyakibanda'),
(345, 2, 7, 73, 'Nyumba'),
(346, 2, 7, 73, 'Shori'),
(347, 2, 7, 74, 'Muyogoro'),
(348, 2, 7, 74, 'Nyakagezi'),
(349, 2, 7, 74, 'Rukira'),
(350, 2, 7, 74, 'Sovu'),
(351, 2, 7, 75, 'Buhoro'),
(352, 2, 7, 75, 'Bunazi'),
(353, 2, 7, 75, 'Gahororo'),
(354, 2, 7, 75, 'Kibingo'),
(355, 2, 7, 75, 'Muhembe'),
(356, 2, 7, 76, 'Gishihe'),
(357, 2, 7, 76, 'Kabatwa'),
(358, 2, 7, 76, 'Kabuga'),
(359, 2, 7, 76, 'Karambi'),
(360, 2, 7, 76, 'Musebeya'),
(361, 2, 7, 76, 'Nyabisindu'),
(362, 2, 7, 76, 'Rugarama'),
(363, 2, 7, 76, 'Shanga'),
(364, 2, 7, 77, 'Byinza'),
(365, 2, 7, 77, 'Gahana'),
(366, 2, 7, 77, 'Gitovu'),
(367, 2, 7, 77, 'Kabona'),
(368, 2, 7, 77, 'Sazange'),
(369, 2, 7, 78, 'Buremera'),
(370, 2, 7, 78, 'Gasumba'),
(371, 2, 7, 78, 'Kabuye'),
(372, 2, 7, 78, 'Kanyinya'),
(373, 2, 7, 78, 'Shanga'),
(374, 2, 7, 78, 'Shyembe'),
(375, 2, 7, 79, 'Gatobotobo'),
(376, 2, 7, 79, 'Kabuga'),
(377, 2, 7, 79, 'Mutunda'),
(378, 2, 7, 79, 'Mwulire'),
(379, 2, 7, 79, 'Rugango'),
(380, 2, 7, 79, 'Rusagara'),
(381, 2, 7, 79, 'Tare'),
(382, 2, 7, 80, 'Bukomeye'),
(383, 2, 7, 80, 'Buvumu'),
(384, 2, 7, 80, 'Icyeru'),
(385, 2, 7, 80, 'Rango A'),
(386, 2, 7, 81, 'Butare'),
(387, 2, 7, 81, 'Kaburemera'),
(388, 2, 7, 81, 'Matyazo'),
(389, 2, 7, 81, 'Ngoma'),
(390, 2, 7, 82, 'Busheshi'),
(391, 2, 7, 82, 'Gatovu'),
(392, 2, 7, 82, 'Karama'),
(393, 2, 7, 82, 'Mara'),
(394, 2, 7, 82, 'Muhororo'),
(395, 2, 7, 82, 'Rugogwe'),
(396, 2, 7, 82, 'Ruhashya'),
(397, 2, 7, 83, 'Buhimba'),
(398, 2, 7, 83, 'Gafumba'),
(399, 2, 7, 83, 'Kimirehe'),
(400, 2, 7, 83, 'Kimuna'),
(401, 2, 7, 83, 'Kiruhura'),
(402, 2, 7, 83, 'Mugogwe'),
(403, 2, 7, 84, 'Gatwaro'),
(404, 2, 7, 84, 'Kamwambi'),
(405, 2, 7, 84, 'Kibiraro'),
(406, 2, 7, 84, 'Mwendo'),
(407, 2, 7, 84, 'Nyamabuye'),
(408, 2, 7, 84, 'Nyaruhombo'),
(409, 2, 7, 84, 'Shyunga'),
(410, 2, 7, 85, 'Cyendajuru'),
(411, 2, 7, 85, 'Gisakura'),
(412, 2, 7, 85, 'Kabusanza'),
(413, 2, 7, 85, 'Mugobore'),
(414, 2, 7, 85, 'Nyangazi'),
(415, 2, 7, 86, 'Cyarwa'),
(416, 2, 7, 86, 'Cyimana'),
(417, 2, 7, 86, 'Gitwa'),
(418, 2, 7, 86, 'Mpare'),
(419, 2, 7, 86, 'Rango B'),
(420, 2, 8, 87, 'Bushigishigi'),
(421, 2, 8, 87, 'Byimana'),
(422, 2, 8, 87, 'Gifurwe'),
(423, 2, 8, 87, 'Kizimyamuriro'),
(424, 2, 8, 87, 'Munini'),
(425, 2, 8, 87, 'Rambya'),
(426, 2, 8, 88, 'Gitega'),
(427, 2, 8, 88, 'Karama'),
(428, 2, 8, 88, 'Kiyumba'),
(429, 2, 8, 88, 'Ngoma'),
(430, 2, 8, 88, 'Nyanza'),
(431, 2, 8, 88, 'Nyanzoga'),
(432, 2, 8, 89, 'Kigeme'),
(433, 2, 8, 89, 'Ngiryi'),
(434, 2, 8, 89, 'Nyabivumu'),
(435, 2, 8, 89, 'Nyamugari'),
(436, 2, 8, 89, 'Nzega'),
(437, 2, 8, 89, 'Remera'),
(438, 2, 8, 90, 'Bakopfu'),
(439, 2, 8, 90, 'Gatare'),
(440, 2, 8, 90, 'Mukongoro'),
(441, 2, 8, 90, 'Ruganda'),
(442, 2, 8, 90, 'Shyeru'),
(443, 2, 8, 91, 'Kavumu'),
(444, 2, 8, 91, 'Murambi'),
(445, 2, 8, 91, 'Musenyi'),
(446, 2, 8, 91, 'Nyabisindu'),
(447, 2, 8, 91, 'Nyamiyaga'),
(448, 2, 8, 92, 'Bwama'),
(449, 2, 8, 92, 'Kamegeri'),
(450, 2, 8, 92, 'Kirehe'),
(451, 2, 8, 92, 'Kizi'),
(452, 2, 8, 92, 'Nyarusiza'),
(453, 2, 8, 92, 'Rususa'),
(454, 2, 8, 93, 'Bugarama'),
(455, 2, 8, 93, 'Bugarura'),
(456, 2, 8, 93, 'Gashiha'),
(457, 2, 8, 93, 'Karambo'),
(458, 2, 8, 93, 'Ruhunga'),
(459, 2, 8, 93, 'Uwindekezi'),
(460, 2, 8, 94, 'Bwenda'),
(461, 2, 8, 94, 'Gakanka'),
(462, 2, 8, 94, 'Kibibi'),
(463, 2, 8, 94, 'Nyakiza'),
(464, 2, 8, 95, 'Kagano'),
(465, 2, 8, 95, 'Mujuga'),
(466, 2, 8, 95, 'Mukungu'),
(467, 2, 8, 95, 'Shaba'),
(468, 2, 8, 95, 'Uwingugu'),
(469, 2, 8, 96, 'Manwari'),
(470, 2, 8, 96, 'Mutiwingoma'),
(471, 2, 8, 96, 'Ngambi'),
(472, 2, 8, 96, 'Ngara'),
(473, 2, 8, 97, 'Gitondorero'),
(474, 2, 8, 97, 'Gitwa'),
(475, 2, 8, 97, 'Ruhinga'),
(476, 2, 8, 97, 'Sovu'),
(477, 2, 8, 97, 'Suti'),
(478, 2, 8, 97, 'Yonde'),
(479, 2, 8, 98, 'Gasave'),
(480, 2, 8, 98, 'Jenda'),
(481, 2, 8, 98, 'Masagara'),
(482, 2, 8, 98, 'Masangano'),
(483, 2, 8, 98, 'Masizi'),
(484, 2, 8, 98, 'Nyagisozi'),
(485, 2, 8, 99, 'Gatovu'),
(486, 2, 8, 99, 'Nyarurambi'),
(487, 2, 8, 99, 'Rugano'),
(488, 2, 8, 99, 'Runege'),
(489, 2, 8, 99, 'Rusekera'),
(490, 2, 8, 99, 'Sekera'),
(491, 2, 8, 100, 'Buteteri'),
(492, 2, 8, 100, 'Cyobe'),
(493, 2, 8, 100, 'Gashwati'),
(494, 2, 8, 101, 'Bitandara'),
(495, 2, 8, 101, 'Musaraba'),
(496, 2, 8, 101, 'Mutengeri'),
(497, 2, 8, 101, 'Nkomane'),
(498, 2, 8, 101, 'Nyarwungo'),
(499, 2, 8, 101, 'Twiya'),
(500, 2, 8, 102, 'Buhoro'),
(501, 2, 8, 102, 'Gasarenda'),
(502, 2, 8, 102, 'Gatovu'),
(503, 2, 8, 102, 'Kaganza'),
(504, 2, 8, 102, 'Nkumbure'),
(505, 2, 8, 102, 'Nyamigina'),
(506, 2, 8, 103, 'Bigumira'),
(507, 2, 8, 103, 'Gahira'),
(508, 2, 8, 103, 'Kibyagira'),
(509, 2, 8, 103, 'Mudasomwa'),
(510, 2, 8, 103, 'Munyege'),
(511, 2, 8, 103, 'Rugogwe'),
(512, 2, 9, 104, 'Buhanda'),
(513, 2, 9, 104, 'Gitisi'),
(514, 2, 9, 104, 'Murama'),
(515, 2, 9, 104, 'Rubona'),
(516, 2, 9, 104, 'Rwinyana'),
(517, 2, 9, 105, 'Kamusenyi'),
(518, 2, 9, 105, 'Kirengeri'),
(519, 2, 9, 105, 'Mahembe'),
(520, 2, 9, 105, 'Mpanda'),
(521, 2, 9, 105, 'Muhororo'),
(522, 2, 9, 105, 'Ntenyo'),
(523, 2, 9, 105, 'Nyakabuye'),
(524, 2, 9, 106, 'Bihembe'),
(525, 2, 9, 106, 'Karambi'),
(526, 2, 9, 106, 'Munanira'),
(527, 2, 9, 106, 'Remera'),
(528, 2, 9, 106, 'Rwesero'),
(529, 2, 9, 106, 'Rwoga'),
(530, 2, 9, 107, 'Burima'),
(531, 2, 9, 107, 'Gisali'),
(532, 2, 9, 107, 'Kinazi'),
(533, 2, 9, 107, 'Rubona'),
(534, 2, 9, 107, 'Rutabo'),
(535, 2, 9, 108, 'Bweramvura'),
(536, 2, 9, 108, 'Gitinda'),
(537, 2, 9, 108, 'Kirwa'),
(538, 2, 9, 108, 'Muyunzwe'),
(539, 2, 9, 108, 'Nyakogo'),
(540, 2, 9, 108, 'Rukina'),
(541, 2, 9, 109, 'Cyanza'),
(542, 2, 9, 109, 'Gisanga'),
(543, 2, 9, 109, 'Kabuga'),
(544, 2, 9, 109, 'Kizibere'),
(545, 2, 9, 109, 'Mbuye'),
(546, 2, 9, 109, 'Mwendo'),
(547, 2, 9, 109, 'Nyakarekare'),
(548, 2, 9, 110, 'Gafunzo'),
(549, 2, 9, 110, 'Gishweru'),
(550, 2, 9, 110, 'Kamujisho'),
(551, 2, 9, 110, 'Kigarama'),
(552, 2, 9, 110, 'Kubutare'),
(553, 2, 9, 110, 'Mutara'),
(554, 2, 9, 110, 'Nyabibugu'),
(555, 2, 9, 110, 'Saruheshyi'),
(556, 2, 9, 111, 'Gako'),
(557, 2, 9, 111, 'Kareba'),
(558, 2, 9, 111, 'Kayenzi'),
(559, 2, 9, 111, 'Kebero'),
(560, 2, 9, 111, 'Nyagisozi'),
(561, 2, 9, 111, 'Nyakabungo'),
(562, 2, 9, 111, 'Nyarurama'),
(563, 2, 9, 112, 'Buhoro'),
(564, 2, 9, 112, 'Bunyogombe'),
(565, 2, 9, 112, 'Gikoma'),
(566, 2, 9, 112, 'Munini'),
(567, 2, 9, 112, 'Musamo'),
(568, 2, 9, 112, 'Nyamagana'),
(569, 2, 9, 112, 'Rwoga'),
(570, 2, 9, 112, 'Tambwe'),
(571, 2, 10, 113, 'Biringaga'),
(572, 2, 10, 113, 'Kigarama'),
(573, 2, 10, 113, 'Kivumu'),
(574, 2, 10, 113, 'Makera'),
(575, 2, 10, 113, 'Nyarunyinya'),
(576, 2, 10, 113, 'Shori'),
(577, 2, 10, 114, 'Buramba'),
(578, 2, 10, 114, 'Butare'),
(579, 2, 10, 114, 'Kabuye'),
(580, 2, 10, 114, 'Kavumu'),
(581, 2, 10, 114, 'Kibyimba'),
(582, 2, 10, 114, 'Ngarama'),
(583, 2, 10, 114, 'Ngoma'),
(584, 2, 10, 114, 'Sholi'),
(585, 2, 10, 115, 'Gisharu'),
(586, 2, 10, 115, 'Gitega'),
(587, 2, 10, 115, 'Jurwe'),
(588, 2, 10, 115, 'Mubuga'),
(589, 2, 10, 115, 'Rubyiniro'),
(590, 2, 10, 115, 'Ryakanimba'),
(591, 2, 10, 116, 'Budende'),
(592, 2, 10, 116, 'Ndago'),
(593, 2, 10, 116, 'Remera'),
(594, 2, 10, 116, 'Ruhina'),
(595, 2, 10, 116, 'Rukeri'),
(596, 2, 10, 117, 'Kanyinya'),
(597, 2, 10, 117, 'Nganzo'),
(598, 2, 10, 117, 'Nyamirama'),
(599, 2, 10, 117, 'Remera'),
(600, 2, 10, 117, 'Tyazo'),
(601, 2, 10, 118, 'Matyazo'),
(602, 2, 10, 118, 'Munazi'),
(603, 2, 10, 118, 'Nyagasozi'),
(604, 2, 10, 118, 'Rukaragata'),
(605, 2, 10, 118, 'Rwasare'),
(606, 2, 10, 118, 'Rwigerero'),
(607, 2, 10, 119, 'Gashorera'),
(608, 2, 10, 119, 'Masangano'),
(609, 2, 10, 119, 'Mbuga'),
(610, 2, 10, 119, 'Muvumba'),
(611, 2, 10, 119, 'Nyarusozi'),
(612, 2, 10, 120, 'Gahogo'),
(613, 2, 10, 120, 'Gifumba'),
(614, 2, 10, 120, 'Gitarama'),
(615, 2, 10, 120, 'Remera'),
(616, 2, 10, 121, 'Mbiriri'),
(617, 2, 10, 121, 'Musongati'),
(618, 2, 10, 121, 'Ngaru'),
(619, 2, 10, 121, 'Rusovu'),
(620, 2, 10, 122, 'Gasagara'),
(621, 2, 10, 122, 'Gasharu'),
(622, 2, 10, 122, 'Karambo'),
(623, 2, 10, 122, 'Nyamirambo'),
(624, 2, 10, 122, 'Ruhango'),
(625, 2, 10, 123, 'Gasave'),
(626, 2, 10, 123, 'Kanyana'),
(627, 2, 10, 123, 'Kibaga'),
(628, 2, 10, 123, 'Mpinga'),
(629, 2, 10, 123, 'Nsanga'),
(630, 2, 10, 124, 'Kinini'),
(631, 2, 10, 124, 'Mbare'),
(632, 2, 10, 124, 'Mubuga'),
(633, 2, 10, 124, 'Ruli'),
(634, 2, 11, 125, 'Gihinga'),
(635, 2, 11, 125, 'Gihira'),
(636, 2, 11, 125, 'Kigembe'),
(637, 2, 11, 125, 'Nkingo'),
(638, 2, 11, 126, 'Bitare'),
(639, 2, 11, 126, 'Bunyonga'),
(640, 2, 11, 126, 'Muganza'),
(641, 2, 11, 126, 'Nyamirembe'),
(642, 2, 11, 127, 'Bugarama'),
(643, 2, 11, 127, 'Cubi'),
(644, 2, 11, 127, 'Kayonza'),
(645, 2, 11, 127, 'Kirwa'),
(646, 2, 11, 127, 'Mataba'),
(647, 2, 11, 127, 'Nyamirama'),
(648, 2, 11, 128, 'Busoro'),
(649, 2, 11, 128, 'Gaseke'),
(650, 2, 11, 128, 'Giko'),
(651, 2, 11, 128, 'Muyange'),
(652, 2, 11, 129, 'Jenda'),
(653, 2, 11, 129, 'Kabugondo'),
(654, 2, 11, 129, 'Mbati'),
(655, 2, 11, 129, 'Mugina'),
(656, 2, 11, 129, 'Nteko'),
(657, 2, 11, 130, 'Buhoro'),
(658, 2, 11, 130, 'Cyambwe'),
(659, 2, 11, 130, 'Karengera'),
(660, 2, 11, 130, 'Kivumu'),
(661, 2, 11, 130, 'Mpushi'),
(662, 2, 11, 130, 'Rukambura'),
(663, 2, 11, 131, 'Kabuga'),
(664, 2, 11, 131, 'Kazirabonde'),
(665, 2, 11, 131, 'Marembo'),
(666, 2, 11, 132, 'Bibungo'),
(667, 2, 11, 132, 'Kabashumba'),
(668, 2, 11, 132, 'Kidahwe'),
(669, 2, 11, 132, 'Mukinga'),
(670, 2, 11, 132, 'Ngoma'),
(671, 2, 11, 133, 'Gitare'),
(672, 2, 11, 133, 'Kambyeyi'),
(673, 2, 11, 133, 'Kigusa'),
(674, 2, 11, 133, 'Nyagishubi'),
(675, 2, 11, 133, 'Ruyanza'),
(676, 2, 11, 134, 'Bihembe'),
(677, 2, 11, 134, 'Kigese'),
(678, 2, 11, 134, 'Masaka'),
(679, 2, 11, 134, 'Nyarubuye'),
(680, 2, 11, 134, 'Sheli'),
(681, 2, 11, 135, 'Bugoba'),
(682, 2, 11, 135, 'Buguri'),
(683, 2, 11, 135, 'Gishyeshye'),
(684, 2, 11, 135, 'Murehe'),
(685, 2, 11, 135, 'Mwirute'),
(686, 2, 11, 135, 'Remera'),
(687, 2, 11, 135, 'Taba'),
(688, 2, 11, 136, 'Gihara'),
(689, 2, 11, 136, 'Kabagesera'),
(690, 2, 11, 136, 'Kagina'),
(691, 2, 11, 136, 'Muganza'),
(692, 2, 11, 136, 'Ruyenzi'),
(693, 3, 12, 137, 'Burunga'),
(694, 3, 12, 137, 'Gasura'),
(695, 3, 12, 137, 'Gitarama'),
(696, 3, 12, 137, 'Kayenzi'),
(697, 3, 12, 137, 'Kibuye'),
(698, 3, 12, 137, 'Kiniha'),
(699, 3, 12, 137, 'Nyarusazi'),
(700, 3, 12, 138, 'Birambo'),
(701, 3, 12, 138, 'Musasa'),
(702, 3, 12, 138, 'Mwendo'),
(703, 3, 12, 138, 'Rugobagoba'),
(704, 3, 12, 138, 'Tongati'),
(705, 3, 12, 139, 'Buhoro'),
(706, 3, 12, 139, 'Cyanya'),
(707, 3, 12, 139, 'Kigarama'),
(708, 3, 12, 139, 'Munanira'),
(709, 3, 12, 139, 'Musasa'),
(710, 3, 12, 139, 'Ngoma'),
(711, 3, 12, 140, 'Gasharu'),
(712, 3, 12, 140, 'Gitega'),
(713, 3, 12, 140, 'Kanunga'),
(714, 3, 12, 140, 'Kirambo'),
(715, 3, 12, 140, 'Munanira'),
(716, 3, 12, 140, 'Nyamiringa'),
(717, 3, 12, 140, 'Ruhinga'),
(718, 3, 12, 140, 'Rwariro'),
(719, 3, 12, 141, 'Kagabiro'),
(720, 3, 12, 141, 'Murangara'),
(721, 3, 12, 141, 'Nyagatovu'),
(722, 3, 12, 141, 'Ryaruhanga'),
(723, 3, 12, 142, 'Mubuga'),
(724, 3, 12, 142, 'Muhororo'),
(725, 3, 12, 142, 'Nkoto'),
(726, 3, 12, 142, 'Nyarunyinya'),
(727, 3, 12, 142, 'Shyembe'),
(728, 3, 12, 143, 'Bukiro'),
(729, 3, 12, 143, 'Kabaya'),
(730, 3, 12, 143, 'Kamina'),
(731, 3, 12, 143, 'Kareba'),
(732, 3, 12, 143, 'Nyamushishi'),
(733, 3, 12, 143, 'Nzaratsi'),
(734, 3, 12, 144, 'Byogo'),
(735, 3, 12, 144, 'Gasharu'),
(736, 3, 12, 144, 'Gisayura'),
(737, 3, 12, 144, 'Kanyege'),
(738, 3, 12, 144, 'Kinyonzwe'),
(739, 3, 12, 144, 'Murengezo'),
(740, 3, 12, 144, 'Rwufi'),
(741, 3, 12, 145, 'Bubazi'),
(742, 3, 12, 145, 'Gacaca'),
(743, 3, 12, 145, 'Gisanze'),
(744, 3, 12, 145, 'Gitwa'),
(745, 3, 12, 145, 'Kibirizi'),
(746, 3, 12, 145, 'Mataba'),
(747, 3, 12, 145, 'Nyarugenge'),
(748, 3, 12, 145, 'Ruragwe'),
(749, 3, 12, 146, 'Gisiza'),
(750, 3, 12, 146, 'Gitega'),
(751, 3, 12, 146, 'Gitovu'),
(752, 3, 12, 146, 'Kabuga'),
(753, 3, 12, 146, 'Mubuga'),
(754, 3, 12, 146, 'Mucyimba'),
(755, 3, 12, 146, 'Rufungo'),
(756, 3, 12, 146, 'Rwungo'),
(757, 3, 12, 146, 'Tyazo'),
(758, 3, 12, 147, 'Biguhu'),
(759, 3, 12, 147, 'Kabingo'),
(760, 3, 12, 147, 'Kinyovu'),
(761, 3, 12, 147, 'Kivumu'),
(762, 3, 12, 147, 'Nyabikeri'),
(763, 3, 12, 147, 'Nyamugwagwa'),
(764, 3, 12, 147, 'Rubona'),
(765, 3, 12, 147, 'Rugobagoba'),
(766, 3, 12, 148, 'Bigugu'),
(767, 3, 12, 148, 'Bisesero'),
(768, 3, 12, 148, 'Gasata'),
(769, 3, 12, 148, 'Munini'),
(770, 3, 12, 148, 'Nyakamira'),
(771, 3, 12, 148, 'Nyarusanga'),
(772, 3, 12, 148, 'Rubazo'),
(773, 3, 12, 148, 'Rubumba'),
(774, 3, 12, 149, 'Bihumbe'),
(775, 3, 12, 149, 'Gakuta'),
(776, 3, 12, 149, 'Gisovu'),
(777, 3, 12, 149, 'Gitabura'),
(778, 3, 12, 149, 'Kavumu'),
(779, 3, 12, 149, 'Murehe'),
(780, 3, 12, 149, 'Rutabi'),
(781, 3, 13, 150, 'Bushaka'),
(782, 3, 13, 150, 'Kabihogo'),
(783, 3, 13, 150, 'Nkira'),
(784, 3, 13, 150, 'Remera'),
(785, 3, 13, 151, 'Bugina'),
(786, 3, 13, 151, 'Congo-nil'),
(787, 3, 13, 151, 'Mataba'),
(788, 3, 13, 151, 'Murambi'),
(789, 3, 13, 151, 'Ruhingo'),
(790, 3, 13, 151, 'Shyembe'),
(791, 3, 13, 151, 'Teba'),
(792, 3, 13, 152, 'Buhindure'),
(793, 3, 13, 152, 'Nkora'),
(794, 3, 13, 152, 'Nyagahinika'),
(795, 3, 13, 152, 'Rukaragata'),
(796, 3, 13, 153, 'Bunyoni'),
(797, 3, 13, 153, 'Bunyunju'),
(798, 3, 13, 153, 'Kabere'),
(799, 3, 13, 153, 'Kabujenje'),
(800, 3, 13, 153, 'Karambi'),
(801, 3, 13, 153, 'Nganzo'),
(802, 3, 13, 154, 'Haniro'),
(803, 3, 13, 154, 'Muyira'),
(804, 3, 13, 154, 'Tangabo'),
(805, 3, 13, 155, 'Kabuga'),
(806, 3, 13, 155, 'Kagano'),
(807, 3, 13, 155, 'Kageyo'),
(808, 3, 13, 155, 'Kagusa'),
(809, 3, 13, 155, 'Karambo'),
(810, 3, 13, 155, 'Mwendo'),
(811, 3, 13, 156, 'Kirwa'),
(812, 3, 13, 156, 'Mburamazi'),
(813, 3, 13, 156, 'Rugeyo'),
(814, 3, 13, 156, 'Twabugezi'),
(815, 3, 13, 157, 'Gabiro'),
(816, 3, 13, 157, 'Gisiza'),
(817, 3, 13, 157, 'Murambi'),
(818, 3, 13, 157, 'Nyarubuye'),
(819, 3, 13, 158, 'Biruyi'),
(820, 3, 13, 158, 'Kaguriro'),
(821, 3, 13, 158, 'Magaba'),
(822, 3, 13, 158, 'Rurara'),
(823, 3, 13, 159, 'Bumba'),
(824, 3, 13, 159, 'Cyarusera'),
(825, 3, 13, 159, 'Gitwa'),
(826, 3, 13, 159, 'Mageragere'),
(827, 3, 13, 159, 'Sure'),
(828, 3, 13, 160, 'Busuku'),
(829, 3, 13, 160, 'Cyivugiza'),
(830, 3, 13, 160, 'Mubuga'),
(831, 3, 13, 160, 'Ngoma'),
(832, 3, 13, 160, 'Terimbere'),
(833, 3, 13, 161, 'Gatare'),
(834, 3, 13, 161, 'Gihira'),
(835, 3, 13, 161, 'Kavumu'),
(836, 3, 13, 161, 'Nyakarera'),
(837, 3, 13, 161, 'Rugasa'),
(838, 3, 13, 161, 'Rundoyi'),
(839, 3, 13, 162, 'Kabona'),
(840, 3, 13, 162, 'Mberi'),
(841, 3, 13, 162, 'Remera'),
(842, 3, 13, 162, 'Ruronde'),
(843, 3, 14, 163, 'Buringo'),
(844, 3, 14, 163, 'Butaka'),
(845, 3, 14, 163, 'Hehu'),
(846, 3, 14, 163, 'Kabumba'),
(847, 3, 14, 163, 'Mutovu'),
(848, 3, 14, 163, 'Nsherima'),
(849, 3, 14, 163, 'Rusiza'),
(850, 3, 14, 164, 'Gacurabwenge'),
(851, 3, 14, 164, 'Gasiza'),
(852, 3, 14, 164, 'Gihonga'),
(853, 3, 14, 164, 'Kageshi'),
(854, 3, 14, 164, 'Makoro'),
(855, 3, 14, 164, 'Nyacyonga'),
(856, 3, 14, 164, 'Rusura'),
(857, 3, 14, 165, 'Busigari'),
(858, 3, 14, 165, 'Cyanzarwe'),
(859, 3, 14, 165, 'Gora'),
(860, 3, 14, 165, 'Kinyanzovu'),
(861, 3, 14, 165, 'Makurizo'),
(862, 3, 14, 165, 'Rwangara'),
(863, 3, 14, 165, 'Rwanzekuma'),
(864, 3, 14, 165, 'Ryabizige'),
(865, 3, 14, 166, 'Amahoro'),
(866, 3, 14, 166, 'Bugoyi'),
(867, 3, 14, 166, 'Kivumu'),
(868, 3, 14, 166, 'Mbugangari'),
(869, 3, 14, 166, 'Nengo'),
(870, 3, 14, 166, 'Rubavu'),
(871, 3, 14, 166, 'Umuganda'),
(872, 3, 14, 167, 'Kamuhoza'),
(873, 3, 14, 167, 'Karambo'),
(874, 3, 14, 167, 'Mahoko'),
(875, 3, 14, 167, 'Musabike'),
(876, 3, 14, 167, 'Nkomane'),
(877, 3, 14, 167, 'Rusongati'),
(878, 3, 14, 167, 'Yungwe'),
(879, 3, 14, 168, 'Kanyirabigogo'),
(880, 3, 14, 168, 'Kirerema'),
(881, 3, 14, 168, 'Muramba'),
(882, 3, 14, 168, 'Nyamikongi'),
(883, 3, 14, 168, 'Nyamirango'),
(884, 3, 14, 168, 'Nyaruteme'),
(885, 3, 14, 169, 'Bihungwe'),
(886, 3, 14, 169, 'Kanyundo'),
(887, 3, 14, 169, 'Micinyiro'),
(888, 3, 14, 169, 'Mirindi'),
(889, 3, 14, 169, 'Ndoranyi'),
(890, 3, 14, 169, 'Rungu'),
(891, 3, 14, 169, 'Rwanyakayaga'),
(892, 3, 14, 170, 'Bisizi'),
(893, 3, 14, 170, 'Gikombe'),
(894, 3, 14, 170, 'Kanyefurwe'),
(895, 3, 14, 170, 'Nyarushyamba'),
(896, 3, 14, 171, 'Burushya'),
(897, 3, 14, 171, 'Busoro'),
(898, 3, 14, 171, 'Kinigi'),
(899, 3, 14, 171, 'Kiraga'),
(900, 3, 14, 171, 'Munanira'),
(901, 3, 14, 171, 'Rubona'),
(902, 3, 14, 172, 'Bahimba'),
(903, 3, 14, 172, 'Gatovu'),
(904, 3, 14, 172, 'Kavomo'),
(905, 3, 14, 172, 'Kigarama'),
(906, 3, 14, 172, 'Mukondo'),
(907, 3, 14, 172, 'Nyundo'),
(908, 3, 14, 172, 'Terimbere'),
(909, 3, 14, 173, 'Buhaza'),
(910, 3, 14, 173, 'Burinda'),
(911, 3, 14, 173, 'Byahi'),
(912, 3, 14, 173, 'Gikombe'),
(913, 3, 14, 173, 'Murambi'),
(914, 3, 14, 173, 'Murara'),
(915, 3, 14, 173, 'Rukoko'),
(916, 3, 14, 174, 'Basa'),
(917, 3, 14, 174, 'Gisa'),
(918, 3, 14, 174, 'Kabilizi'),
(919, 3, 14, 174, 'Muhira'),
(920, 3, 14, 174, 'Rugerero'),
(921, 3, 14, 174, 'Rushubi'),
(922, 3, 14, 174, 'Rwaza'),
(923, 3, 15, 175, 'Arusha'),
(924, 3, 15, 175, 'Basumba'),
(925, 3, 15, 175, 'Kijote'),
(926, 3, 15, 175, 'Kora'),
(927, 3, 15, 175, 'Muhe'),
(928, 3, 15, 175, 'Rega'),
(929, 3, 15, 176, 'Bukinanyana'),
(930, 3, 15, 176, 'Gasizi'),
(931, 3, 15, 176, 'Kabatezi'),
(932, 3, 15, 176, 'Kareba'),
(933, 3, 15, 176, 'Nyirakigugu'),
(934, 3, 15, 176, 'Rega'),
(935, 3, 15, 177, 'Gasiza'),
(936, 3, 15, 177, 'Gasura'),
(937, 3, 15, 177, 'Gisizi'),
(938, 3, 15, 177, 'Guriro'),
(939, 3, 15, 177, 'Kavumu'),
(940, 3, 15, 177, 'Nyamitanzi'),
(941, 3, 15, 178, 'Batikoti'),
(942, 3, 15, 178, 'Cyamvumba'),
(943, 3, 15, 178, 'Gihorwe'),
(944, 3, 15, 178, 'Myuga'),
(945, 3, 15, 178, 'Ngando'),
(946, 3, 15, 178, 'Rugarama'),
(947, 3, 15, 179, 'Busoro'),
(948, 3, 15, 179, 'Cyamabuye'),
(949, 3, 15, 179, 'Gatagara'),
(950, 3, 15, 179, 'Gihirwa'),
(951, 3, 15, 179, 'Kadahenda'),
(952, 3, 15, 179, 'Karengera'),
(953, 3, 15, 180, 'Gatovu'),
(954, 3, 15, 180, 'Kintobo'),
(955, 3, 15, 180, 'Nyagisozi'),
(956, 3, 15, 180, 'Nyamugari'),
(957, 3, 15, 180, 'Rukondo'),
(958, 3, 15, 180, 'Ryinyo'),
(959, 3, 15, 181, 'Gasizi'),
(960, 3, 15, 181, 'Jaba'),
(961, 3, 15, 181, 'Kanyove'),
(962, 3, 15, 181, 'Rubaya'),
(963, 3, 15, 181, 'Rugeshi'),
(964, 3, 15, 181, 'Rukoma'),
(965, 3, 15, 181, 'Rurengeri'),
(966, 3, 15, 182, 'Gisizi'),
(967, 3, 15, 182, 'Mulinga'),
(968, 3, 15, 182, 'Mwiyanike'),
(969, 3, 15, 182, 'Nkomane'),
(970, 3, 15, 182, 'Nyamasheke'),
(971, 3, 15, 182, 'Rwantobo'),
(972, 3, 15, 183, 'Birembo'),
(973, 3, 15, 183, 'Guriro'),
(974, 3, 15, 183, 'Kibisabo'),
(975, 3, 15, 183, 'Mutaho'),
(976, 3, 15, 183, 'Nyundo'),
(977, 3, 15, 183, 'Rugamba'),
(978, 3, 15, 184, 'Gakoro'),
(979, 3, 15, 184, 'Marangara'),
(980, 3, 15, 184, 'Nyagahondo'),
(981, 3, 15, 184, 'Nyarutembe'),
(982, 3, 15, 184, 'Rurembo'),
(983, 3, 15, 184, 'Tyazo'),
(984, 3, 15, 185, 'Gahondo'),
(985, 3, 15, 185, 'Gitega'),
(986, 3, 15, 185, 'Kirimbogo'),
(987, 3, 15, 185, 'Murambi'),
(988, 3, 15, 185, 'Mwana'),
(989, 3, 15, 185, 'Rwaza'),
(990, 3, 15, 186, 'Cyimanzovu'),
(991, 3, 15, 186, 'Kanyamitana'),
(992, 3, 15, 186, 'Kintarure'),
(993, 3, 15, 186, 'Mpinga'),
(994, 3, 15, 186, 'Mutanda'),
(995, 3, 15, 186, 'Shaki'),
(996, 3, 16, 187, 'Bungwe'),
(997, 3, 16, 187, 'Cyahafi'),
(998, 3, 16, 187, 'Gashubi'),
(999, 3, 16, 187, 'Kabarondo'),
(1000, 3, 16, 187, 'Ruhindage'),
(1001, 3, 16, 188, 'Cyome'),
(1002, 3, 16, 188, 'Gatsibo'),
(1003, 3, 16, 188, 'Kamasiga'),
(1004, 3, 16, 188, 'Karambo'),
(1005, 3, 16, 188, 'Ruhanga'),
(1006, 3, 16, 188, 'Rusumo'),
(1007, 3, 16, 189, 'Gatare'),
(1008, 3, 16, 189, 'Gatega'),
(1009, 3, 16, 189, 'Kajinge'),
(1010, 3, 16, 189, 'Marantima'),
(1011, 3, 16, 189, 'Rugendabari'),
(1012, 3, 16, 189, 'Runyinya'),
(1013, 3, 16, 190, 'Busunzu'),
(1014, 3, 16, 190, 'Gaseke'),
(1015, 3, 16, 190, 'Kabaya'),
(1016, 3, 16, 190, 'Mwendo'),
(1017, 3, 16, 190, 'Ngoma'),
(1018, 3, 16, 190, 'Nyenyeri'),
(1019, 3, 16, 191, 'Kageshi'),
(1020, 3, 16, 191, 'Kirwa'),
(1021, 3, 16, 191, 'Mukore'),
(1022, 3, 16, 191, 'Muramba'),
(1023, 3, 16, 191, 'Nyamata'),
(1024, 3, 16, 191, 'Rwamamara'),
(1025, 3, 16, 192, 'Birembo'),
(1026, 3, 16, 192, 'Gitwa'),
(1027, 3, 16, 192, 'Murinzi'),
(1028, 3, 16, 192, 'Nyamugeyo'),
(1029, 3, 16, 192, 'Rugeshi'),
(1030, 3, 16, 192, 'Tetero'),
(1031, 3, 16, 193, 'Binana'),
(1032, 3, 16, 193, 'Gitega'),
(1033, 3, 16, 193, 'Matare'),
(1034, 3, 16, 193, 'Rutare'),
(1035, 3, 16, 193, 'Rwamiko'),
(1036, 3, 16, 194, 'Bugarura'),
(1037, 3, 16, 194, 'Gasiza'),
(1038, 3, 16, 194, 'Mashya'),
(1039, 3, 16, 194, 'Nganzo'),
(1040, 3, 16, 194, 'Ngoma'),
(1041, 3, 16, 194, 'Rutagara'),
(1042, 3, 16, 195, 'Bweramana'),
(1043, 3, 16, 195, 'Mubuga'),
(1044, 3, 16, 195, 'Myiha'),
(1045, 3, 16, 195, 'Rugogwe'),
(1046, 3, 16, 195, 'Rusororo'),
(1047, 3, 16, 195, 'Sanza'),
(1048, 3, 16, 196, 'Bijyojyo'),
(1049, 3, 16, 196, 'Bitabage'),
(1050, 3, 16, 196, 'Kabageshi'),
(1051, 3, 16, 196, 'Kibanda'),
(1052, 3, 16, 196, 'Kinyovi'),
(1053, 3, 16, 197, 'Kaseke'),
(1054, 3, 16, 197, 'Kazabe'),
(1055, 3, 16, 197, 'Mugano'),
(1056, 3, 16, 197, 'Nyange'),
(1057, 3, 16, 197, 'Rususa'),
(1058, 3, 16, 197, 'Torero'),
(1059, 3, 16, 198, 'Bambiro'),
(1060, 3, 16, 198, 'Gaseke'),
(1061, 3, 16, 198, 'Nsibo'),
(1062, 3, 16, 198, 'Vuganyana'),
(1063, 3, 16, 199, 'Birembo'),
(1064, 3, 16, 199, 'Kagano'),
(1065, 3, 16, 199, 'Kanyana'),
(1066, 3, 16, 199, 'Musenyi'),
(1067, 3, 16, 199, 'Nyabipfura'),
(1068, 3, 16, 199, 'Rutovu'),
(1069, 3, 17, 200, 'Nyange'),
(1070, 3, 17, 200, 'Pera'),
(1071, 3, 17, 200, 'Ryankana'),
(1072, 3, 17, 201, 'Butanda'),
(1073, 3, 17, 201, 'Gatereri'),
(1074, 3, 17, 201, 'Nyamihanda'),
(1075, 3, 17, 201, 'Rwambogo'),
(1076, 3, 17, 202, 'Gikungu'),
(1077, 3, 17, 202, 'Kiyabo'),
(1078, 3, 17, 202, 'Murwa'),
(1079, 3, 17, 202, 'Nyamuzi'),
(1080, 3, 17, 202, 'Rasano'),
(1081, 3, 17, 203, 'Birembo'),
(1082, 3, 17, 203, 'Buhokoro'),
(1083, 3, 17, 203, 'Kabakobwa'),
(1084, 3, 17, 203, 'Kacyuma'),
(1085, 3, 17, 203, 'Kamurehe'),
(1086, 3, 17, 203, 'Karemereye'),
(1087, 3, 17, 203, 'Muti'),
(1088, 3, 17, 203, 'Rusayo'),
(1089, 3, 17, 204, 'Cyendajuru'),
(1090, 3, 17, 204, 'Gakomeye'),
(1091, 3, 17, 204, 'Giheke'),
(1092, 3, 17, 204, 'Kamashangi'),
(1093, 3, 17, 204, 'Kigenge'),
(1094, 3, 17, 204, 'Ntura'),
(1095, 3, 17, 204, 'Rwega'),
(1096, 3, 17, 204, 'Turambi'),
(1097, 3, 17, 205, 'Burunga'),
(1098, 3, 17, 205, 'Gatsiro'),
(1099, 3, 17, 205, 'Gihaya'),
(1100, 3, 17, 205, 'Kagara'),
(1101, 3, 17, 205, 'Kamatita'),
(1102, 3, 17, 205, 'Shagasha'),
(1103, 3, 17, 206, 'Kizura'),
(1104, 3, 17, 206, 'Mpinga'),
(1105, 3, 17, 206, 'Nyamigina'),
(1106, 3, 17, 207, 'Cyingwa'),
(1107, 3, 17, 207, 'Gahungeri'),
(1108, 3, 17, 207, 'Hangabashi'),
(1109, 3, 17, 207, 'Mashesha'),
(1110, 3, 17, 208, 'Cyangugu'),
(1111, 3, 17, 208, 'Gihundwe'),
(1112, 3, 17, 208, 'Kamashangi'),
(1113, 3, 17, 208, 'Kamurera'),
(1114, 3, 17, 208, 'Ruganda'),
(1115, 3, 17, 209, 'Cyarukara'),
(1116, 3, 17, 209, 'Gakoni'),
(1117, 3, 17, 209, 'Shara'),
(1118, 3, 17, 210, 'Gahinga'),
(1119, 3, 17, 210, 'Kabahinda'),
(1120, 3, 17, 210, 'Kabasigirira'),
(1121, 3, 17, 210, 'Kagarama'),
(1122, 3, 17, 210, 'Karambi'),
(1123, 3, 17, 210, 'Miko'),
(1124, 3, 17, 210, 'Tara'),
(1125, 3, 17, 211, 'Gitwa'),
(1126, 3, 17, 211, 'Kamanyenga'),
(1127, 3, 17, 211, 'Kangazi'),
(1128, 3, 17, 211, 'Kinyaga'),
(1129, 3, 17, 211, 'Rugabano'),
(1130, 3, 17, 212, 'Bigoga'),
(1131, 3, 17, 212, 'Bugarura'),
(1132, 3, 17, 212, 'Ishywa'),
(1133, 3, 17, 212, 'Kamagimbo'),
(1134, 3, 17, 212, 'Rwenje'),
(1135, 3, 17, 213, 'Gatare'),
(1136, 3, 17, 213, 'Kiziguro'),
(1137, 3, 17, 213, 'Mataba'),
(1138, 3, 17, 213, 'Ryamuhirwa'),
(1139, 3, 17, 214, 'Gasebeya'),
(1140, 3, 17, 214, 'Gaseke'),
(1141, 3, 17, 214, 'Kamanu'),
(1142, 3, 17, 214, 'Kiziho'),
(1143, 3, 17, 214, 'Mashyuza'),
(1144, 3, 17, 214, 'Nyabintare'),
(1145, 3, 17, 215, 'Gatare'),
(1146, 3, 17, 215, 'Kabagina'),
(1147, 3, 17, 215, 'Kabuye'),
(1148, 3, 17, 215, 'Kanoga'),
(1149, 3, 17, 215, 'Karangiro'),
(1150, 3, 17, 215, 'Murambi'),
(1151, 3, 17, 215, 'Rusambu'),
(1152, 3, 17, 216, 'Butambamo'),
(1153, 3, 17, 216, 'Kigenge'),
(1154, 3, 17, 216, 'Murya'),
(1155, 3, 17, 216, 'Nyenji'),
(1156, 3, 17, 216, 'Rebero'),
(1157, 3, 17, 216, 'Rwinzuki'),
(1158, 3, 17, 217, 'Karenge'),
(1159, 3, 17, 217, 'Muhehwe'),
(1160, 3, 17, 217, 'Mushaka'),
(1161, 3, 17, 217, 'Rubugu'),
(1162, 3, 17, 217, 'Ruganda'),
(1163, 3, 18, 218, 'Buvungira'),
(1164, 3, 18, 218, 'Mpumbu'),
(1165, 3, 18, 218, 'Ngoma'),
(1166, 3, 18, 218, 'Nyarusange'),
(1167, 3, 18, 219, 'Gasheke'),
(1168, 3, 18, 219, 'Impala'),
(1169, 3, 18, 219, 'Kagatamu'),
(1170, 3, 18, 219, 'Karusimbi'),
(1171, 3, 18, 220, 'Bisumo'),
(1172, 3, 18, 220, 'Murambi'),
(1173, 3, 18, 220, 'Mutongo'),
(1174, 3, 18, 220, 'Rugari'),
(1175, 3, 18, 221, 'Butare'),
(1176, 3, 18, 221, 'Gitwa'),
(1177, 3, 18, 221, 'Jarama'),
(1178, 3, 18, 221, 'Kibingo'),
(1179, 3, 18, 221, 'Mubuga'),
(1180, 3, 18, 222, 'Gako'),
(1181, 3, 18, 222, 'Mubumbano'),
(1182, 3, 18, 222, 'Ninzi'),
(1183, 3, 18, 222, 'Rwesero'),
(1184, 3, 18, 222, 'Shara'),
(1185, 3, 18, 223, 'Kibogora'),
(1186, 3, 18, 223, 'Kigarama'),
(1187, 3, 18, 223, 'Kigoya'),
(1188, 3, 18, 223, 'Raro'),
(1189, 3, 18, 223, 'Susa'),
(1190, 3, 18, 224, 'Gasovu'),
(1191, 3, 18, 224, 'Gitwe'),
(1192, 3, 18, 224, 'Kabuga'),
(1193, 3, 18, 224, 'Kagarama'),
(1194, 3, 18, 224, 'Rushyarara'),
(1195, 3, 18, 225, 'Gasayo'),
(1196, 3, 18, 225, 'Gashashi'),
(1197, 3, 18, 225, 'Higiro'),
(1198, 3, 18, 225, 'Miko'),
(1199, 3, 18, 225, 'Mwezi'),
(1200, 3, 18, 226, 'Cyimpindu'),
(1201, 3, 18, 226, 'Karengera'),
(1202, 3, 18, 226, 'Muhororo'),
(1203, 3, 18, 226, 'Nyarusange'),
(1204, 3, 18, 227, 'Gatare'),
(1205, 3, 18, 227, 'Mutongo'),
(1206, 3, 18, 227, 'Nyakabingo'),
(1207, 3, 18, 227, 'Rugari'),
(1208, 3, 18, 227, 'Vugangoma'),
(1209, 3, 18, 228, 'Gisoke'),
(1210, 3, 18, 228, 'Kagarama'),
(1211, 3, 18, 228, 'Nyagatare'),
(1212, 3, 18, 228, 'Nyakavumu'),
(1213, 3, 18, 229, 'Kigabiro'),
(1214, 3, 18, 229, 'Kinunga'),
(1215, 3, 18, 229, 'Mariba'),
(1216, 3, 18, 229, 'Muyange'),
(1217, 3, 18, 229, 'Ntango'),
(1218, 3, 18, 230, 'Banda'),
(1219, 3, 18, 230, 'Gakenke'),
(1220, 3, 18, 230, 'Jurwe'),
(1221, 3, 18, 230, 'Murambi'),
(1222, 3, 18, 231, 'Kanazi'),
(1223, 3, 18, 231, 'Ntendezi'),
(1224, 3, 18, 231, 'Save'),
(1225, 3, 18, 231, 'Wimana'),
(1226, 3, 18, 232, 'Burimba'),
(1227, 3, 18, 232, 'Mataba'),
(1228, 3, 18, 232, 'Mugera'),
(1229, 3, 18, 232, 'Nyamugari'),
(1230, 3, 18, 232, 'Shangi'),
(1231, 4, 19, 233, 'Cyohoha'),
(1232, 4, 19, 233, 'Gitare'),
(1233, 4, 19, 233, 'Rwamahwa'),
(1234, 4, 19, 234, 'Butangampundu'),
(1235, 4, 19, 234, 'Karengeri'),
(1236, 4, 19, 234, 'Taba'),
(1237, 4, 19, 235, 'Gasiza'),
(1238, 4, 19, 235, 'Giko'),
(1239, 4, 19, 235, 'Kayenzi'),
(1240, 4, 19, 235, 'Mukoto'),
(1241, 4, 19, 235, 'Nyirangarama'),
(1242, 4, 19, 236, 'Busoro'),
(1243, 4, 19, 236, 'Butare'),
(1244, 4, 19, 236, 'Gahororo'),
(1245, 4, 19, 236, 'Gitumba'),
(1246, 4, 19, 236, 'Karama'),
(1247, 4, 19, 236, 'Mwumba'),
(1248, 4, 19, 236, 'Ndarage'),
(1249, 4, 19, 237, 'Budakiranya'),
(1250, 4, 19, 237, 'Migendezo'),
(1251, 4, 19, 237, 'Rudogo'),
(1252, 4, 19, 238, 'Burehe'),
(1253, 4, 19, 238, 'Marembo'),
(1254, 4, 19, 238, 'Rwili'),
(1255, 4, 19, 239, 'Butunzi'),
(1256, 4, 19, 239, 'Karegamazi'),
(1257, 4, 19, 239, 'Marembo'),
(1258, 4, 19, 239, 'Rebero'),
(1259, 4, 19, 240, 'Gitatsa'),
(1260, 4, 19, 240, 'Kamushenyi'),
(1261, 4, 19, 240, 'Kigarama'),
(1262, 4, 19, 240, 'Mubuga'),
(1263, 4, 19, 240, 'Murama'),
(1264, 4, 19, 240, 'Sayo'),
(1265, 4, 19, 241, 'Kabuga'),
(1266, 4, 19, 241, 'Kigarama'),
(1267, 4, 19, 241, 'Kivugiza'),
(1268, 4, 19, 241, 'Nyamyumba'),
(1269, 4, 19, 241, 'Shengampuli'),
(1270, 4, 19, 242, 'Bukoro'),
(1271, 4, 19, 242, 'Mushari'),
(1272, 4, 19, 242, 'Ngiramazi'),
(1273, 4, 19, 242, 'Rurenge'),
(1274, 4, 19, 243, 'Bubangu'),
(1275, 4, 19, 243, 'Gatwa'),
(1276, 4, 19, 243, 'Mugambazi'),
(1277, 4, 19, 243, 'Mvuzo'),
(1278, 4, 19, 244, 'Kabuga'),
(1279, 4, 19, 244, 'Karambo'),
(1280, 4, 19, 244, 'Mugote'),
(1281, 4, 19, 244, 'Munyarwanda'),
(1282, 4, 19, 245, 'Kajevuba'),
(1283, 4, 19, 245, 'Kiyanza'),
(1284, 4, 19, 245, 'Mahaza'),
(1285, 4, 19, 246, 'Buraro'),
(1286, 4, 19, 246, 'Bwimo'),
(1287, 4, 19, 246, 'Mberuka'),
(1288, 4, 19, 246, 'Mbuye'),
(1289, 4, 19, 247, 'Gako'),
(1290, 4, 19, 247, 'Kirenge'),
(1291, 4, 19, 247, 'Taba'),
(1292, 4, 19, 248, 'Bugaragara'),
(1293, 4, 19, 248, 'Kijabagwe'),
(1294, 4, 19, 248, 'Muvumu'),
(1295, 4, 19, 248, 'Rubona'),
(1296, 4, 19, 248, 'Rutonde'),
(1297, 4, 19, 249, 'Barari'),
(1298, 4, 19, 249, 'Gahabwa'),
(1299, 4, 19, 249, 'Misezero'),
(1300, 4, 19, 249, 'Nyirabirori'),
(1301, 4, 19, 249, 'Taba'),
(1302, 4, 20, 250, 'Birambo'),
(1303, 4, 20, 250, 'Butereri'),
(1304, 4, 20, 250, 'Byibuhiro'),
(1305, 4, 20, 250, 'Kamina'),
(1306, 4, 20, 250, 'Kirabo'),
(1307, 4, 20, 250, 'Mwumba'),
(1308, 4, 20, 250, 'Ruhanga'),
(1309, 4, 20, 251, 'Kiruku'),
(1310, 4, 20, 251, 'Mbirima'),
(1311, 4, 20, 251, 'Nyange'),
(1312, 4, 20, 251, 'Nyanza'),
(1313, 4, 20, 252, 'Muhaza'),
(1314, 4, 20, 252, 'Muhororo'),
(1315, 4, 20, 252, 'Muramba'),
(1316, 4, 20, 252, 'Mutanda'),
(1317, 4, 20, 252, 'Rukore'),
(1318, 4, 20, 253, 'Buheta'),
(1319, 4, 20, 253, 'Kagoma'),
(1320, 4, 20, 253, 'Nganzo'),
(1321, 4, 20, 253, 'Rusagara'),
(1322, 4, 20, 254, 'Nyacyina'),
(1323, 4, 20, 254, 'Rukura'),
(1324, 4, 20, 254, 'Rutabo'),
(1325, 4, 20, 254, 'Rutenderi'),
(1326, 4, 20, 254, 'Taba'),
(1327, 4, 20, 255, 'Gakindo'),
(1328, 4, 20, 255, 'Gashyamba'),
(1329, 4, 20, 255, 'Gatwa'),
(1330, 4, 20, 255, 'Karukungu'),
(1331, 4, 20, 256, 'Kamubuga'),
(1332, 4, 20, 256, 'Kidomo'),
(1333, 4, 20, 256, 'Mbatabata'),
(1334, 4, 20, 256, 'Rukore'),
(1335, 4, 20, 257, 'Kanyanza'),
(1336, 4, 20, 257, 'Karambo'),
(1337, 4, 20, 257, 'Kirebe'),
(1338, 4, 20, 258, 'Cyintare'),
(1339, 4, 20, 258, 'Gasiza'),
(1340, 4, 20, 258, 'Rugimbu'),
(1341, 4, 20, 258, 'Ruhinga'),
(1342, 4, 20, 258, 'Sereri'),
(1343, 4, 20, 259, 'Buyange'),
(1344, 4, 20, 259, 'Gikombe'),
(1345, 4, 20, 259, 'Nyundo'),
(1346, 4, 20, 260, 'Gasiho'),
(1347, 4, 20, 260, 'Munyana'),
(1348, 4, 20, 260, 'Murambi'),
(1349, 4, 20, 260, 'Raba'),
(1350, 4, 20, 261, 'Gahinga'),
(1351, 4, 20, 261, 'Munyana'),
(1352, 4, 20, 261, 'Mutego'),
(1353, 4, 20, 261, 'Nkomane'),
(1354, 4, 20, 261, 'Rutabo'),
(1355, 4, 20, 261, 'Rutenderi'),
(1356, 4, 20, 261, 'Rwamambe'),
(1357, 4, 20, 262, 'Busake'),
(1358, 4, 20, 262, 'Bwenda'),
(1359, 4, 20, 262, 'Gasiza'),
(1360, 4, 20, 262, 'Gihinga'),
(1361, 4, 20, 262, 'Huro'),
(1362, 4, 20, 262, 'Musagara'),
(1363, 4, 20, 262, 'Musenyi'),
(1364, 4, 20, 262, 'Ruganda'),
(1365, 4, 20, 262, 'Rwinkuba'),
(1366, 4, 20, 263, 'Bumba'),
(1367, 4, 20, 263, 'Gisiza'),
(1368, 4, 20, 263, 'Karyango'),
(1369, 4, 20, 263, 'Nganzo'),
(1370, 4, 20, 263, 'Va'),
(1371, 4, 20, 264, 'Kabatezi'),
(1372, 4, 20, 264, 'Kiryamo'),
(1373, 4, 20, 264, 'Mubuga'),
(1374, 4, 20, 264, 'Mwiyando'),
(1375, 4, 20, 264, 'Rwa'),
(1376, 4, 20, 265, 'Buranga'),
(1377, 4, 20, 265, 'Gahinga'),
(1378, 4, 20, 265, 'Gisozi'),
(1379, 4, 20, 265, 'Mucaca'),
(1380, 4, 20, 266, 'Busoro'),
(1381, 4, 20, 266, 'Gikingo'),
(1382, 4, 20, 266, 'Jango'),
(1383, 4, 20, 266, 'Ruli'),
(1384, 4, 20, 266, 'Rwesero'),
(1385, 4, 20, 267, 'Gataba'),
(1386, 4, 20, 267, 'Kamonyi'),
(1387, 4, 20, 267, 'Murambi'),
(1388, 4, 20, 267, 'Nyundo'),
(1389, 4, 20, 267, 'Rumbi'),
(1390, 4, 20, 267, 'Rurembo'),
(1391, 4, 20, 268, 'Burimba'),
(1392, 4, 20, 268, 'Busanane'),
(1393, 4, 20, 268, 'Joma'),
(1394, 4, 20, 268, 'Kageyo'),
(1395, 4, 20, 268, 'Mbogo'),
(1396, 4, 20, 268, 'Razi'),
(1397, 4, 20, 268, 'Rwankuba'),
(1398, 4, 20, 268, 'Shyombwe'),
(1399, 4, 21, 269, 'Gisesero'),
(1400, 4, 21, 269, 'Kavumu'),
(1401, 4, 21, 269, 'Nyagisozi'),
(1402, 4, 21, 269, 'Sahara'),
(1403, 4, 21, 270, 'Bukinanyana'),
(1404, 4, 21, 270, 'Buruba'),
(1405, 4, 21, 270, 'Cyanya'),
(1406, 4, 21, 270, 'Kabeza'),
(1407, 4, 21, 270, 'Migeshi'),
(1408, 4, 21, 270, 'Rwebeya'),
(1409, 4, 21, 271, 'Gakoro'),
(1410, 4, 21, 271, 'Gasakuza'),
(1411, 4, 21, 271, 'Kabirizi'),
(1412, 4, 21, 271, 'Karwasa'),
(1413, 4, 21, 272, 'Kigabiro'),
(1414, 4, 21, 272, 'Kivumu'),
(1415, 4, 21, 272, 'Mbwe'),
(1416, 4, 21, 272, 'Muharuro'),
(1417, 4, 21, 273, 'Mudakama'),
(1418, 4, 21, 273, 'Murago'),
(1419, 4, 21, 273, 'Rubindi'),
(1420, 4, 21, 273, 'Rungu'),
(1421, 4, 21, 274, 'Birira'),
(1422, 4, 21, 274, 'Buramira'),
(1423, 4, 21, 274, 'Kivumu'),
(1424, 4, 21, 274, 'Mbizi'),
(1425, 4, 21, 275, 'Bisoke'),
(1426, 4, 21, 275, 'Kaguhu'),
(1427, 4, 21, 275, 'Kampanga'),
(1428, 4, 21, 275, 'Nyabigoma'),
(1429, 4, 21, 275, 'Nyonirima'),
(1430, 4, 21, 276, 'Cyabararika'),
(1431, 4, 21, 276, 'Kigombe'),
(1432, 4, 21, 276, 'Mpenge'),
(1433, 4, 21, 276, 'Ruhengeri'),
(1434, 4, 21, 277, 'Cyivugiza'),
(1435, 4, 21, 277, 'Cyogo'),
(1436, 4, 21, 277, 'Mburabuturo'),
(1437, 4, 21, 277, 'Songa'),
(1438, 4, 21, 278, 'Cyabagarura'),
(1439, 4, 21, 278, 'Garuka'),
(1440, 4, 21, 278, 'Kabazungu'),
(1441, 4, 21, 278, 'Nyarubuye'),
(1442, 4, 21, 278, 'Rwambogo'),
(1443, 4, 21, 279, 'Bikara'),
(1444, 4, 21, 279, 'Gashinga'),
(1445, 4, 21, 279, 'Mubago'),
(1446, 4, 21, 279, 'Rugeshi'),
(1447, 4, 21, 279, 'Ruyumba'),
(1448, 4, 21, 280, 'Cyivugiza'),
(1449, 4, 21, 280, 'Kabeza'),
(1450, 4, 21, 280, 'Kamwumba'),
(1451, 4, 21, 280, 'Muhabura'),
(1452, 4, 21, 280, 'Ninda'),
(1453, 4, 21, 281, 'Gasongero'),
(1454, 4, 21, 281, 'Kamisave'),
(1455, 4, 21, 281, 'Murandi'),
(1456, 4, 21, 281, 'Murwa'),
(1457, 4, 21, 281, 'Rurambo'),
(1458, 4, 21, 282, 'Bumara'),
(1459, 4, 21, 282, 'Kabushinge'),
(1460, 4, 21, 282, 'Musezero'),
(1461, 4, 21, 282, 'Nturo'),
(1462, 4, 21, 282, 'Nyarubuye'),
(1463, 4, 21, 283, 'Gakingo'),
(1464, 4, 21, 283, 'Kibuguzo'),
(1465, 4, 21, 283, 'Mudende'),
(1466, 4, 21, 283, 'Mugari'),
(1467, 4, 22, 284, 'Bungwe'),
(1468, 4, 22, 284, 'Bushenya'),
(1469, 4, 22, 284, 'Mudugari'),
(1470, 4, 22, 284, 'Tumba'),
(1471, 4, 22, 285, 'Gatsibo'),
(1472, 4, 22, 285, 'Mubuga'),
(1473, 4, 22, 285, 'Muhotora'),
(1474, 4, 22, 285, 'Nyamicucu'),
(1475, 4, 22, 285, 'Rusumo'),
(1476, 4, 22, 286, 'Gasiza'),
(1477, 4, 22, 286, 'Gisovu'),
(1478, 4, 22, 286, 'Kabyiniro'),
(1479, 4, 22, 286, 'Kagitega'),
(1480, 4, 22, 286, 'Kamanyana'),
(1481, 4, 22, 286, 'Nyagahinga'),
(1482, 4, 22, 287, 'Butare'),
(1483, 4, 22, 287, 'Ndongozi'),
(1484, 4, 22, 287, 'Ruyange'),
(1485, 4, 22, 288, 'Buramba'),
(1486, 4, 22, 288, 'Gisizi'),
(1487, 4, 22, 288, 'Kidakama'),
(1488, 4, 22, 288, 'Nyangwe'),
(1489, 4, 22, 288, 'Rwasa'),
(1490, 4, 22, 289, 'Gabiro'),
(1491, 4, 22, 289, 'Musenda'),
(1492, 4, 22, 289, 'Rwambogo'),
(1493, 4, 22, 289, 'Rwasa'),
(1494, 4, 22, 290, 'Mariba'),
(1495, 4, 22, 290, 'Musasa'),
(1496, 4, 22, 290, 'Runoga'),
(1497, 4, 22, 291, 'Kabaya'),
(1498, 4, 22, 291, 'Kayenzi'),
(1499, 4, 22, 291, 'Kiringa'),
(1500, 4, 22, 291, 'Nyamabuye'),
(1501, 4, 22, 292, 'Gafuka'),
(1502, 4, 22, 292, 'Nkenke'),
(1503, 4, 22, 292, 'Nkumba'),
(1504, 4, 22, 292, 'Ntaruka'),
(1505, 4, 22, 293, 'Bugamba'),
(1506, 4, 22, 293, 'Kaganda'),
(1507, 4, 22, 293, 'Musasa'),
(1508, 4, 22, 293, 'Rutovu'),
(1509, 4, 22, 294, 'Bukwashuri'),
(1510, 4, 22, 294, 'Gashanje'),
(1511, 4, 22, 294, 'Murwa'),
(1512, 4, 22, 294, 'Nyirataba'),
(1513, 4, 22, 295, 'Kivumu'),
(1514, 4, 22, 295, 'Nyamugari'),
(1515, 4, 22, 295, 'Rubona'),
(1516, 4, 22, 295, 'Rushara'),
(1517, 4, 22, 296, 'Cyahi'),
(1518, 4, 22, 296, 'Gafumba'),
(1519, 4, 22, 296, 'Karangara'),
(1520, 4, 22, 296, 'Rurembo'),
(1521, 4, 22, 297, 'Kilibata'),
(1522, 4, 22, 297, 'Mucaca'),
(1523, 4, 22, 297, 'Nyanamo'),
(1524, 4, 22, 297, 'Rukandabyuma'),
(1525, 4, 22, 298, 'Gaseke'),
(1526, 4, 22, 298, 'Gatare'),
(1527, 4, 22, 298, 'Gitovu'),
(1528, 4, 22, 298, 'Rusekera'),
(1529, 4, 22, 299, 'Kabona'),
(1530, 4, 22, 299, 'Ndago'),
(1531, 4, 22, 299, 'Ruhanga'),
(1532, 4, 22, 300, 'Gacundura'),
(1533, 4, 22, 300, 'Gashoro'),
(1534, 4, 22, 300, 'Ruconsho'),
(1535, 4, 22, 300, 'Rugari'),
(1536, 4, 23, 301, 'Karenge'),
(1537, 4, 23, 301, 'Kigabiro'),
(1538, 4, 23, 301, 'Kivumu'),
(1539, 4, 23, 301, 'Rwesero'),
(1540, 4, 23, 302, 'Bwisige'),
(1541, 4, 23, 302, 'Gihuke'),
(1542, 4, 23, 302, 'Mukono'),
(1543, 4, 23, 302, 'Nyabushingitwa'),
(1544, 4, 23, 303, 'Gacurabwenge'),
(1545, 4, 23, 303, 'Gisuna'),
(1546, 4, 23, 303, 'Kibali'),
(1547, 4, 23, 303, 'Kivugiza'),
(1548, 4, 23, 303, 'Murama'),
(1549, 4, 23, 303, 'Ngondore'),
(1550, 4, 23, 303, 'Nyakabungo'),
(1551, 4, 23, 303, 'Nyamabuye'),
(1552, 4, 23, 303, 'Nyarutarama'),
(1553, 4, 23, 304, 'Gasunzu'),
(1554, 4, 23, 304, 'Muhambo'),
(1555, 4, 23, 304, 'Nyakabungo'),
(1556, 4, 23, 304, 'Nyambare'),
(1557, 4, 23, 304, 'Nyaruka'),
(1558, 4, 23, 304, 'Rwankonjo'),
(1559, 4, 23, 305, 'Gatobotobo'),
(1560, 4, 23, 305, 'Murehe'),
(1561, 4, 23, 305, 'Tanda'),
(1562, 4, 23, 306, 'Gihembe'),
(1563, 4, 23, 306, 'Horezo'),
(1564, 4, 23, 306, 'Kabuga'),
(1565, 4, 23, 306, 'Muhondo'),
(1566, 4, 23, 306, 'Nyamiyaga'),
(1567, 4, 23, 307, 'Bugomba'),
(1568, 4, 23, 307, 'Gatoma'),
(1569, 4, 23, 307, 'Mulindi'),
(1570, 4, 23, 307, 'Nyarwambu'),
(1571, 4, 23, 307, 'Rukurura'),
(1572, 4, 23, 308, 'Kabuga'),
(1573, 4, 23, 308, 'Nyiragifumba'),
(1574, 4, 23, 308, 'Nyiravugiza'),
(1575, 4, 23, 308, 'Remera'),
(1576, 4, 23, 308, 'Rusekera'),
(1577, 4, 23, 308, 'Ryaruyumba'),
(1578, 4, 23, 309, 'Gakenke'),
(1579, 4, 23, 309, 'Miyove'),
(1580, 4, 23, 309, 'Mubuga'),
(1581, 4, 23, 310, 'Cyamuganga'),
(1582, 4, 23, 310, 'Gatenga'),
(1583, 4, 23, 310, 'Kiruhura'),
(1584, 4, 23, 310, 'Mutarama'),
(1585, 4, 23, 310, 'Rugerero'),
(1586, 4, 23, 310, 'Rusambya'),
(1587, 4, 23, 311, 'Cyamuhinda'),
(1588, 4, 23, 311, 'Kigoma'),
(1589, 4, 23, 311, 'Mwendo'),
(1590, 4, 23, 311, 'Ngange'),
(1591, 4, 23, 311, 'Rebero'),
(1592, 4, 23, 312, 'Gaseke'),
(1593, 4, 23, 312, 'Kabeza'),
(1594, 4, 23, 312, 'Musenyi'),
(1595, 4, 23, 312, 'Mutandi'),
(1596, 4, 23, 312, 'Nyarubuye'),
(1597, 4, 23, 313, 'Gahumuliza'),
(1598, 4, 23, 313, 'Jamba'),
(1599, 4, 23, 313, 'Kabeza'),
(1600, 4, 23, 313, 'Kabuga'),
(1601, 4, 23, 313, 'Karambo'),
(1602, 4, 23, 313, 'Kiziba'),
(1603, 4, 23, 313, 'Mataba'),
(1604, 4, 23, 314, 'Butare'),
(1605, 4, 23, 314, 'Kigogo'),
(1606, 4, 23, 314, 'Kinishya'),
(1607, 4, 23, 314, 'Rusasa'),
(1608, 4, 23, 314, 'Rutete'),
(1609, 4, 23, 314, 'Rwagihura'),
(1610, 4, 23, 314, 'Yaramba'),
(1611, 4, 23, 315, 'Gihanga'),
(1612, 4, 23, 315, 'Gishambashayo'),
(1613, 4, 23, 315, 'Gishari'),
(1614, 4, 23, 315, 'Muguramo'),
(1615, 4, 23, 315, 'Nyamiyaga'),
(1616, 4, 23, 316, 'Cyeya'),
(1617, 4, 23, 316, 'Cyuru'),
(1618, 4, 23, 316, 'Gisiza'),
(1619, 4, 23, 316, 'Kinyami'),
(1620, 4, 23, 316, 'Mabare'),
(1621, 4, 23, 316, 'Munyinya'),
(1622, 4, 23, 317, 'Gitega'),
(1623, 4, 23, 317, 'Kamutora'),
(1624, 4, 23, 317, 'Karurama'),
(1625, 4, 23, 318, 'Bikumba'),
(1626, 4, 23, 318, 'Gasharu'),
(1627, 4, 23, 318, 'Gatwaro'),
(1628, 4, 23, 318, 'Kigabiro'),
(1629, 4, 23, 318, 'Munanira'),
(1630, 4, 23, 318, 'Nkoto'),
(1631, 4, 23, 319, 'Cyandaro'),
(1632, 4, 23, 319, 'Gasambya'),
(1633, 4, 23, 319, 'Gashirira'),
(1634, 4, 23, 319, 'Kabare'),
(1635, 4, 23, 319, 'Rebero'),
(1636, 4, 23, 319, 'Ruhondo'),
(1637, 4, 23, 320, 'Cyeru'),
(1638, 4, 23, 320, 'Kigabiro'),
(1639, 4, 23, 320, 'Nyagahinga'),
(1640, 4, 23, 321, 'Bushara'),
(1641, 4, 23, 321, 'Kitazigurwa'),
(1642, 4, 23, 321, 'Nyabishambi'),
(1643, 4, 23, 321, 'Nyabubare'),
(1644, 4, 23, 321, 'Shangasha'),
(1645, 5, 24, 322, 'Mununu'),
(1646, 5, 24, 322, 'Nyagasambu'),
(1647, 5, 24, 322, 'Nyakagunga'),
(1648, 5, 24, 322, 'Nyamirama'),
(1649, 5, 24, 322, 'Nyarubuye'),
(1650, 5, 24, 322, 'Sasabirago'),
(1651, 5, 24, 323, 'Gihumuza'),
(1652, 5, 24, 323, 'Kagezi'),
(1653, 5, 24, 323, 'Kanyangese'),
(1654, 5, 24, 323, 'Kibare'),
(1655, 5, 24, 323, 'Mutamwa'),
(1656, 5, 24, 323, 'Rugarama'),
(1657, 5, 24, 323, 'Runyinya'),
(1658, 5, 24, 323, 'Rweri'),
(1659, 5, 24, 324, 'Binunga'),
(1660, 5, 24, 324, 'Bwinsanga'),
(1661, 5, 24, 324, 'Cyinyana'),
(1662, 5, 24, 324, 'Gati'),
(1663, 5, 24, 324, 'Kavumu'),
(1664, 5, 24, 324, 'Ruhimbi'),
(1665, 5, 24, 324, 'Ruhunda'),
(1666, 5, 24, 325, 'Bicaca'),
(1667, 5, 24, 325, 'Byimana'),
(1668, 5, 24, 325, 'Kabasore'),
(1669, 5, 24, 325, 'Kangamba'),
(1670, 5, 24, 325, 'Karenge'),
(1671, 5, 24, 325, 'Nyabubare'),
(1672, 5, 24, 325, 'Nyamatete'),
(1673, 5, 24, 326, 'Bwiza'),
(1674, 5, 24, 326, 'Cyanya'),
(1675, 5, 24, 326, 'Nyagasenyi'),
(1676, 5, 24, 326, 'Sibagire'),
(1677, 5, 24, 326, 'Sovu'),
(1678, 5, 24, 327, 'Byeza'),
(1679, 5, 24, 327, 'Kabare'),
(1680, 5, 24, 327, 'Karambi'),
(1681, 5, 24, 327, 'Karitutu'),
(1682, 5, 24, 327, 'Kitazigurwa'),
(1683, 5, 24, 327, 'Murambi'),
(1684, 5, 24, 327, 'Nsinda'),
(1685, 5, 24, 327, 'Ntebe'),
(1686, 5, 24, 327, 'Nyarusange'),
(1687, 5, 24, 328, 'Kaduha'),
(1688, 5, 24, 328, 'Nkungu'),
(1689, 5, 24, 328, 'Rweru'),
(1690, 5, 24, 328, 'Zinga'),
(1691, 5, 24, 329, 'Binunga'),
(1692, 5, 24, 329, 'Bwana'),
(1693, 5, 24, 329, 'Cyarukamba'),
(1694, 5, 24, 329, 'Cyimbazi'),
(1695, 5, 24, 329, 'Nkomangwa'),
(1696, 5, 24, 329, 'Nyarubuye'),
(1697, 5, 24, 330, 'Akabare'),
(1698, 5, 24, 330, 'Budahanda'),
(1699, 5, 24, 330, 'Kagarama'),
(1700, 5, 24, 330, 'Musha'),
(1701, 5, 24, 330, 'Nyabisindu'),
(1702, 5, 24, 330, 'Nyakabanda'),
(1703, 5, 24, 331, 'Akinyambo'),
(1704, 5, 24, 331, 'Bujyujyu'),
(1705, 5, 24, 331, 'Murehe'),
(1706, 5, 24, 331, 'Ntebe'),
(1707, 5, 24, 331, 'Nyarukombe'),
(1708, 5, 24, 332, 'Bicumbi'),
(1709, 5, 24, 332, 'Bushenyi'),
(1710, 5, 24, 332, 'Mwulire'),
(1711, 5, 24, 332, 'Ntunga'),
(1712, 5, 24, 333, 'Bihembe'),
(1713, 5, 24, 333, 'Gatare'),
(1714, 5, 24, 333, 'Gishore'),
(1715, 5, 24, 333, 'Munini'),
(1716, 5, 24, 333, 'Rwimbogo'),
(1717, 5, 24, 334, 'Akanzu'),
(1718, 5, 24, 334, 'Kigarama'),
(1719, 5, 24, 334, 'Murama'),
(1720, 5, 24, 334, 'Rugarama'),
(1721, 5, 24, 335, 'Byinza'),
(1722, 5, 24, 335, 'Kabatasi'),
(1723, 5, 24, 335, 'Kabuye'),
(1724, 5, 24, 335, 'Karambi'),
(1725, 5, 24, 335, 'Mabare'),
(1726, 5, 24, 335, 'Nawe'),
(1727, 5, 25, 336, 'Cyagaju'),
(1728, 5, 25, 336, 'Kabeza'),
(1729, 5, 25, 336, 'Nyamikamba'),
(1730, 5, 25, 336, 'Nyamirembe'),
(1731, 5, 25, 336, 'Nyangara'),
(1732, 5, 25, 336, 'Nyarurema'),
(1733, 5, 25, 336, 'Rwensheke'),
(1734, 5, 25, 337, 'Bushara'),
(1735, 5, 25, 337, 'Cyenkwanzi'),
(1736, 5, 25, 337, 'Gikagati'),
(1737, 5, 25, 337, 'Gikundamvura'),
(1738, 5, 25, 337, 'Kabuga'),
(1739, 5, 25, 337, 'Ndego'),
(1740, 5, 25, 337, 'Nyakiga'),
(1741, 5, 25, 338, 'Kamate'),
(1742, 5, 25, 338, 'Karama'),
(1743, 5, 25, 338, 'Kizirakome'),
(1744, 5, 25, 338, 'Mbare'),
(1745, 5, 25, 338, 'Musenyi'),
(1746, 5, 25, 338, 'Ndama'),
(1747, 5, 25, 338, 'Nyagashanga'),
(1748, 5, 25, 338, 'Nyamirama'),
(1749, 5, 25, 338, 'Rubagabaga'),
(1750, 5, 25, 338, 'Rwenyemera'),
(1751, 5, 25, 338, 'Rwisirabo'),
(1752, 5, 25, 339, 'Bayigaburire'),
(1753, 5, 25, 339, 'Kaduha'),
(1754, 5, 25, 339, 'Kanyeganyege'),
(1755, 5, 25, 339, 'Katabagemu'),
(1756, 5, 25, 339, 'Kigarama'),
(1757, 5, 25, 339, 'Nyakigando'),
(1758, 5, 25, 339, 'Rubira'),
(1759, 5, 25, 339, 'Rugazi'),
(1760, 5, 25, 339, 'Rutoma'),
(1761, 5, 25, 340, 'Gataba'),
(1762, 5, 25, 340, 'Gitenga'),
(1763, 5, 25, 340, 'Kabungo'),
(1764, 5, 25, 340, 'Karambo'),
(1765, 5, 25, 340, 'Karujumba'),
(1766, 5, 25, 340, 'Tovu'),
(1767, 5, 25, 341, 'Bwera'),
(1768, 5, 25, 341, 'Byimana'),
(1769, 5, 25, 341, 'Cyembogo'),
(1770, 5, 25, 341, 'Kagitumba'),
(1771, 5, 25, 341, 'Kanyonza'),
(1772, 5, 25, 341, 'Matimba'),
(1773, 5, 25, 341, 'Nyabwishongwezi'),
(1774, 5, 25, 341, 'Rwentanga'),
(1775, 5, 25, 342, 'Bibare'),
(1776, 5, 25, 342, 'Gakoma'),
(1777, 5, 25, 342, 'Mahoro'),
(1778, 5, 25, 342, 'Mimuri'),
(1779, 5, 25, 342, 'Rugari'),
(1780, 5, 25, 343, 'Bufunda'),
(1781, 5, 25, 343, 'Gatete'),
(1782, 5, 25, 343, 'Gihengeri'),
(1783, 5, 25, 343, 'Gishororo'),
(1784, 5, 25, 343, 'Kagina'),
(1785, 5, 25, 343, 'Rugarama'),
(1786, 5, 25, 344, 'Kibirizi'),
(1787, 5, 25, 344, 'Kijojo'),
(1788, 5, 25, 344, 'Musheri'),
(1789, 5, 25, 344, 'Ntoma');
INSERT INTO `fluid_cell` (`id`, `province_id`, `district_id`, `sector_id`, `name`) VALUES
(1790, 5, 25, 344, 'Nyagatabire'),
(1791, 5, 25, 344, 'Nyamiyonga'),
(1792, 5, 25, 344, 'Rugarama I'),
(1793, 5, 25, 344, 'Rugarama Ii'),
(1794, 5, 25, 345, 'Barija'),
(1795, 5, 25, 345, 'Bushoga'),
(1796, 5, 25, 345, 'Cyabayaga'),
(1797, 5, 25, 345, 'Gakirage'),
(1798, 5, 25, 345, 'Kamagiri'),
(1799, 5, 25, 345, 'Nsheke'),
(1800, 5, 25, 345, 'Nyagatare'),
(1801, 5, 25, 345, 'Rutaraka'),
(1802, 5, 25, 345, 'Ryabega'),
(1803, 5, 25, 346, 'Gahurura'),
(1804, 5, 25, 346, 'Gashenyi'),
(1805, 5, 25, 346, 'Nyakagarama'),
(1806, 5, 25, 346, 'Rukomo Ii'),
(1807, 5, 25, 346, 'Rurenge'),
(1808, 5, 25, 347, 'Cyenjonjo'),
(1809, 5, 25, 347, 'Gasinga'),
(1810, 5, 25, 347, 'Kabare'),
(1811, 5, 25, 347, 'Kazaza'),
(1812, 5, 25, 347, 'Mishenyi'),
(1813, 5, 25, 347, 'Rugarama'),
(1814, 5, 25, 347, 'Rukorota'),
(1815, 5, 25, 347, 'Rutare'),
(1816, 5, 25, 347, 'Rwempasha'),
(1817, 5, 25, 347, 'Ryeru'),
(1818, 5, 25, 348, 'Gacundezi'),
(1819, 5, 25, 348, 'Kabeza'),
(1820, 5, 25, 348, 'Kirebe'),
(1821, 5, 25, 348, 'Ntoma'),
(1822, 5, 25, 348, 'Nyarupfubire'),
(1823, 5, 25, 348, 'Nyendo'),
(1824, 5, 25, 348, 'Rutungu'),
(1825, 5, 25, 348, 'Rwimiyaga'),
(1826, 5, 25, 349, 'Gishuro'),
(1827, 5, 25, 349, 'Gitengure'),
(1828, 5, 25, 349, 'Nkoma'),
(1829, 5, 25, 349, 'Nyabitekeri'),
(1830, 5, 25, 349, 'Nyagatoma'),
(1831, 5, 25, 349, 'Shonga'),
(1832, 5, 25, 349, 'Tabagwe'),
(1833, 5, 26, 350, 'Kigabiro'),
(1834, 5, 26, 350, 'Kimana'),
(1835, 5, 26, 350, 'Teme'),
(1836, 5, 26, 350, 'Viro'),
(1837, 5, 26, 351, 'Gatsibo'),
(1838, 5, 26, 351, 'Manishya'),
(1839, 5, 26, 351, 'Mugera'),
(1840, 5, 26, 351, 'Nyabicwamba'),
(1841, 5, 26, 351, 'Nyagahanga'),
(1842, 5, 26, 352, 'Bukomane'),
(1843, 5, 26, 352, 'Cyabusheshe'),
(1844, 5, 26, 352, 'Karubungo'),
(1845, 5, 26, 352, 'Mpondwa'),
(1846, 5, 26, 352, 'Nyamirama'),
(1847, 5, 26, 352, 'Rubira'),
(1848, 5, 26, 353, 'Kabarore'),
(1849, 5, 26, 353, 'Kabeza'),
(1850, 5, 26, 353, 'Karenge'),
(1851, 5, 26, 353, 'Marimba'),
(1852, 5, 26, 353, 'Nyabikiri'),
(1853, 5, 26, 353, 'Simbwa'),
(1854, 5, 26, 354, 'Busetsa'),
(1855, 5, 26, 354, 'Gituza'),
(1856, 5, 26, 354, 'Kintu'),
(1857, 5, 26, 354, 'Nyagisozi'),
(1858, 5, 26, 355, 'Akabuga'),
(1859, 5, 26, 355, 'Gakenke'),
(1860, 5, 26, 355, 'Gakoni'),
(1861, 5, 26, 355, 'Nyabisindu'),
(1862, 5, 26, 356, 'Agakomeye'),
(1863, 5, 26, 356, 'Mbogo'),
(1864, 5, 26, 356, 'Ndatemwa'),
(1865, 5, 26, 356, 'Rubona'),
(1866, 5, 26, 357, 'Bibare'),
(1867, 5, 26, 357, 'Gakorokombe'),
(1868, 5, 26, 357, 'Mamfu'),
(1869, 5, 26, 357, 'Rumuli'),
(1870, 5, 26, 357, 'Taba'),
(1871, 5, 26, 358, 'Murambi'),
(1872, 5, 26, 358, 'Nyamiyaga'),
(1873, 5, 26, 358, 'Rwankuba'),
(1874, 5, 26, 358, 'Rwimitereri'),
(1875, 5, 26, 359, 'Bugamba'),
(1876, 5, 26, 359, 'Karambi'),
(1877, 5, 26, 359, 'Kigasha'),
(1878, 5, 26, 359, 'Ngarama'),
(1879, 5, 26, 359, 'Nyarubungo'),
(1880, 5, 26, 360, 'Gitinda'),
(1881, 5, 26, 360, 'Kibare'),
(1882, 5, 26, 360, 'Mayange'),
(1883, 5, 26, 360, 'Murambi'),
(1884, 5, 26, 360, 'Nyagitabire'),
(1885, 5, 26, 360, 'Nyamirama'),
(1886, 5, 26, 361, 'Bushobora'),
(1887, 5, 26, 361, 'Butiruka'),
(1888, 5, 26, 361, 'Kigabiro'),
(1889, 5, 26, 361, 'Nyagakombe'),
(1890, 5, 26, 361, 'Rurenge'),
(1891, 5, 26, 361, 'Rwarenga'),
(1892, 5, 26, 362, 'Bugarama'),
(1893, 5, 26, 362, 'Gihuta'),
(1894, 5, 26, 362, 'Kanyangese'),
(1895, 5, 26, 362, 'Matare'),
(1896, 5, 26, 362, 'Matunguru'),
(1897, 5, 26, 362, 'Remera'),
(1898, 5, 26, 363, 'Kiburara'),
(1899, 5, 26, 363, 'Munini'),
(1900, 5, 26, 363, 'Nyamatete'),
(1901, 5, 26, 363, 'Rwikiniro'),
(1902, 5, 27, 364, 'Juru'),
(1903, 5, 27, 364, 'Kahi'),
(1904, 5, 27, 364, 'Kiyenzi'),
(1905, 5, 27, 364, 'Urugarama'),
(1906, 5, 27, 365, 'Cyarubare'),
(1907, 5, 27, 365, 'Gitara'),
(1908, 5, 27, 365, 'Kirehe'),
(1909, 5, 27, 365, 'Rubimba'),
(1910, 5, 27, 365, 'Rubumba'),
(1911, 5, 27, 366, 'Cyabajwa'),
(1912, 5, 27, 366, 'Cyinzovu'),
(1913, 5, 27, 366, 'Kabura'),
(1914, 5, 27, 366, 'Rusera'),
(1915, 5, 27, 367, 'Bwiza'),
(1916, 5, 27, 367, 'Kayonza'),
(1917, 5, 27, 367, 'Mburabuturo'),
(1918, 5, 27, 367, 'Nyagatovu'),
(1919, 5, 27, 367, 'Rugendabari'),
(1920, 5, 27, 368, 'Bunyentongo'),
(1921, 5, 27, 368, 'Muko'),
(1922, 5, 27, 368, 'Murama'),
(1923, 5, 27, 368, 'Nyakanazi'),
(1924, 5, 27, 368, 'Rusave'),
(1925, 5, 27, 369, 'Buhabwa'),
(1926, 5, 27, 369, 'Karambi'),
(1927, 5, 27, 369, 'Murundi'),
(1928, 5, 27, 369, 'Ryamanyoni'),
(1929, 5, 27, 370, 'Kageyo'),
(1930, 5, 27, 370, 'Migera'),
(1931, 5, 27, 370, 'Nyamugari'),
(1932, 5, 27, 370, 'Nyawera'),
(1933, 5, 27, 371, 'Byimana'),
(1934, 5, 27, 371, 'Isangano'),
(1935, 5, 27, 371, 'Karambi'),
(1936, 5, 27, 371, 'Kiyovu'),
(1937, 5, 27, 372, 'Gikaya'),
(1938, 5, 27, 372, 'Musumba'),
(1939, 5, 27, 372, 'Rurambi'),
(1940, 5, 27, 372, 'Shyogo'),
(1941, 5, 27, 373, 'Kawangire'),
(1942, 5, 27, 373, 'Rukara'),
(1943, 5, 27, 373, 'Rwimishinya'),
(1944, 5, 27, 374, 'Bugambira'),
(1945, 5, 27, 374, 'Nkamba'),
(1946, 5, 27, 374, 'Ruyonza'),
(1947, 5, 27, 374, 'Umubuga'),
(1948, 5, 27, 375, 'Gihinga'),
(1949, 5, 27, 375, 'Mbarara'),
(1950, 5, 27, 375, 'Mukoyoyo'),
(1951, 5, 27, 375, 'Nkondo'),
(1952, 5, 28, 376, 'Butezi'),
(1953, 5, 28, 376, 'Muhamba'),
(1954, 5, 28, 376, 'Murehe'),
(1955, 5, 28, 376, 'Nyagasenyi'),
(1956, 5, 28, 376, 'Nyakagezi'),
(1957, 5, 28, 376, 'Rubimba'),
(1958, 5, 28, 377, 'Curazo'),
(1959, 5, 28, 377, 'Cyunuzi'),
(1960, 5, 28, 377, 'Muganza'),
(1961, 5, 28, 377, 'Nyamiryango'),
(1962, 5, 28, 377, 'Rwabutazi'),
(1963, 5, 28, 377, 'Rwantonde'),
(1964, 5, 28, 378, 'Cyanya'),
(1965, 5, 28, 378, 'Kigarama'),
(1966, 5, 28, 378, 'Kiremera'),
(1967, 5, 28, 378, 'Nyakerera'),
(1968, 5, 28, 378, 'Nyankurazo'),
(1969, 5, 28, 379, 'Gatarama'),
(1970, 5, 28, 379, 'Rugarama'),
(1971, 5, 28, 379, 'Ruhanga'),
(1972, 5, 28, 379, 'Rwanteru'),
(1973, 5, 28, 380, 'Gahama'),
(1974, 5, 28, 380, 'Kirehe'),
(1975, 5, 28, 380, 'Nyabigega'),
(1976, 5, 28, 380, 'Nyabikokora'),
(1977, 5, 28, 380, 'Rwesero'),
(1978, 5, 28, 381, 'Kamombo'),
(1979, 5, 28, 381, 'Mwoga'),
(1980, 5, 28, 381, 'Saruhembe'),
(1981, 5, 28, 381, 'Umunini'),
(1982, 5, 28, 382, 'Bwiyorere'),
(1983, 5, 28, 382, 'Kankobwa'),
(1984, 5, 28, 382, 'Mpanga'),
(1985, 5, 28, 382, 'Mushongi'),
(1986, 5, 28, 382, 'Nasho'),
(1987, 5, 28, 382, 'Nyakabungo'),
(1988, 5, 28, 382, 'Rubaya'),
(1989, 5, 28, 383, 'Gasarabwayi'),
(1990, 5, 28, 383, 'Kabuga'),
(1991, 5, 28, 383, 'Mubuga'),
(1992, 5, 28, 383, 'Musaza'),
(1993, 5, 28, 383, 'Nganda'),
(1994, 5, 28, 384, 'Bisagara'),
(1995, 5, 28, 384, 'Cyamigurwa'),
(1996, 5, 28, 384, 'Rugarama'),
(1997, 5, 28, 384, 'Rwanyamuhanga'),
(1998, 5, 28, 384, 'Rwayikona'),
(1999, 5, 28, 385, 'Cyambwe'),
(2000, 5, 28, 385, 'Kagese'),
(2001, 5, 28, 385, 'Ntaruka'),
(2002, 5, 28, 385, 'Rubirizi'),
(2003, 5, 28, 385, 'Rugoma'),
(2004, 5, 28, 386, 'Bukora'),
(2005, 5, 28, 386, 'Kagasa'),
(2006, 5, 28, 386, 'Kazizi'),
(2007, 5, 28, 386, 'Kiyanzi'),
(2008, 5, 28, 386, 'Nyamugari'),
(2009, 5, 28, 387, 'Mareba'),
(2010, 5, 28, 387, 'Nyabitare'),
(2011, 5, 28, 387, 'Nyarutunga'),
(2012, 5, 29, 388, 'Cyerwa'),
(2013, 5, 29, 388, 'Giseri'),
(2014, 5, 29, 388, 'Munege'),
(2015, 5, 29, 388, 'Mutsindo'),
(2016, 5, 29, 389, 'Ihanika'),
(2017, 5, 29, 389, 'Jarama'),
(2018, 5, 29, 389, 'Karenge'),
(2019, 5, 29, 389, 'Kibimba'),
(2020, 5, 29, 389, 'Kigoma'),
(2021, 5, 29, 390, 'Akaziba'),
(2022, 5, 29, 390, 'Karaba'),
(2023, 5, 29, 390, 'Nyamirambo'),
(2024, 5, 29, 391, 'Birenga'),
(2025, 5, 29, 391, 'Gahurire'),
(2026, 5, 29, 391, 'Karama'),
(2027, 5, 29, 391, 'Kinyonzo'),
(2028, 5, 29, 391, 'Umukamba'),
(2029, 5, 29, 392, 'Cyasemakamba'),
(2030, 5, 29, 392, 'Gahima'),
(2031, 5, 29, 392, 'Gatonde'),
(2032, 5, 29, 392, 'Karenge'),
(2033, 5, 29, 392, 'Mahango'),
(2034, 5, 29, 393, 'Akabungo'),
(2035, 5, 29, 393, 'Mugatare'),
(2036, 5, 29, 393, 'Ntanga'),
(2037, 5, 29, 393, 'Nyamugari'),
(2038, 5, 29, 393, 'Nyange'),
(2039, 5, 29, 394, 'Gitaraga'),
(2040, 5, 29, 394, 'Kigabiro'),
(2041, 5, 29, 394, 'Mvumba'),
(2042, 5, 29, 394, 'Rurenge'),
(2043, 5, 29, 394, 'Sakara'),
(2044, 5, 29, 395, 'Karwema'),
(2045, 5, 29, 395, 'Kibare'),
(2046, 5, 29, 395, 'Mutenderi'),
(2047, 5, 29, 395, 'Muzingira'),
(2048, 5, 29, 395, 'Nyagasozi'),
(2049, 5, 29, 396, 'Bugera'),
(2050, 5, 29, 396, 'Kinunga'),
(2051, 5, 29, 396, 'Ndekwe'),
(2052, 5, 29, 396, 'Nyamagana'),
(2053, 5, 29, 397, 'Buliba'),
(2054, 5, 29, 397, 'Kibatsi'),
(2055, 5, 29, 397, 'Nyaruvumu'),
(2056, 5, 29, 397, 'Nyinya'),
(2057, 5, 29, 398, 'Gituza'),
(2058, 5, 29, 398, 'Ntovi'),
(2059, 5, 29, 398, 'Rubago'),
(2060, 5, 29, 398, 'Rubona'),
(2061, 5, 29, 398, 'Rwintashya'),
(2062, 5, 29, 399, 'Akagarama'),
(2063, 5, 29, 399, 'Muhurire'),
(2064, 5, 29, 399, 'Musya'),
(2065, 5, 29, 399, 'Rugese'),
(2066, 5, 29, 399, 'Rujambara'),
(2067, 5, 29, 399, 'Rwikubo'),
(2068, 5, 29, 400, 'Gafunzo'),
(2069, 5, 29, 400, 'Kibonde'),
(2070, 5, 29, 400, 'Nkanga'),
(2071, 5, 29, 400, 'Rukoma'),
(2072, 5, 29, 401, 'Nyagasozi'),
(2073, 5, 29, 401, 'Nyagatugunda'),
(2074, 5, 29, 401, 'Ruhembe'),
(2075, 5, 29, 401, 'Ruhinga'),
(2076, 5, 30, 402, 'Biryogo'),
(2077, 5, 30, 402, 'Kabuye'),
(2078, 5, 30, 402, 'Kagomasi'),
(2079, 5, 30, 402, 'Mwendo'),
(2080, 5, 30, 402, 'Ramiro'),
(2081, 5, 30, 403, 'Juru'),
(2082, 5, 30, 403, 'Kabukuba'),
(2083, 5, 30, 403, 'Mugorore'),
(2084, 5, 30, 403, 'Musovu'),
(2085, 5, 30, 403, 'Rwinume'),
(2086, 5, 30, 404, 'Biharagu'),
(2087, 5, 30, 404, 'Burenge'),
(2088, 5, 30, 404, 'Kampeka'),
(2089, 5, 30, 404, 'Nyakayaga'),
(2090, 5, 30, 404, 'Tunda'),
(2091, 5, 30, 405, 'Bushenyi'),
(2092, 5, 30, 405, 'Gakomeye'),
(2093, 5, 30, 405, 'Nyamigina'),
(2094, 5, 30, 405, 'Rango'),
(2095, 5, 30, 405, 'Rugarama'),
(2096, 5, 30, 406, 'Gakamba'),
(2097, 5, 30, 406, 'Kagenge'),
(2098, 5, 30, 406, 'Kibenga'),
(2099, 5, 30, 406, 'Kibirizi'),
(2100, 5, 30, 406, 'Mbyo'),
(2101, 5, 30, 407, 'Gicaca'),
(2102, 5, 30, 407, 'Musenyi'),
(2103, 5, 30, 407, 'Nyagihunika'),
(2104, 5, 30, 407, 'Rulindo'),
(2105, 5, 30, 408, 'Bitaba'),
(2106, 5, 30, 408, 'Kagasa'),
(2107, 5, 30, 408, 'Rugunga'),
(2108, 5, 30, 408, 'Rurenge'),
(2109, 5, 30, 409, 'Gihembe'),
(2110, 5, 30, 409, 'Murama'),
(2111, 5, 30, 409, 'Ngeruka'),
(2112, 5, 30, 409, 'Nyakayenzi'),
(2113, 5, 30, 409, 'Rutonde'),
(2114, 5, 30, 410, 'Cyugaro'),
(2115, 5, 30, 410, 'Kanzenze'),
(2116, 5, 30, 410, 'Kibungo'),
(2117, 5, 30, 411, 'Kanazi'),
(2118, 5, 30, 411, 'Kayumba'),
(2119, 5, 30, 411, 'Maranyundo'),
(2120, 5, 30, 411, 'Murama'),
(2121, 5, 30, 411, 'Nyamata y Umujyi'),
(2122, 5, 30, 412, 'Gihinga'),
(2123, 5, 30, 412, 'Kabuye'),
(2124, 5, 30, 412, 'Murambi'),
(2125, 5, 30, 412, 'Ngenda'),
(2126, 5, 30, 412, 'Rugando'),
(2127, 5, 30, 413, 'Kabeza'),
(2128, 5, 30, 413, 'Karera'),
(2129, 5, 30, 413, 'Kimaranzara'),
(2130, 5, 30, 413, 'Ntarama'),
(2131, 5, 30, 413, 'Nyabagendwa'),
(2132, 5, 30, 414, 'Bihari'),
(2133, 5, 30, 414, 'Gatanga'),
(2134, 5, 30, 414, 'Gikundamvura'),
(2135, 5, 30, 414, 'Kindama'),
(2136, 5, 30, 414, 'Ruhuha'),
(2137, 5, 30, 415, 'Batima'),
(2138, 5, 30, 415, 'Kintambwe'),
(2139, 5, 30, 415, 'Mazane'),
(2140, 5, 30, 415, 'Nemba'),
(2141, 5, 30, 415, 'Nkanga'),
(2142, 5, 30, 415, 'Sharita'),
(2143, 5, 30, 416, 'Kabagugu'),
(2144, 5, 30, 416, 'Kamabuye'),
(2145, 5, 30, 416, 'Nziranziza'),
(2146, 5, 30, 416, 'Rebero'),
(2147, 5, 30, 416, 'Rutare');

-- --------------------------------------------------------

--
-- Table structure for table `fluid_company`
--

CREATE TABLE `fluid_company` (
  `id` int(100) NOT NULL,
  `company_name` varchar(100) NOT NULL,
  `tin_number` varchar(100) NOT NULL,
  `email` varchar(100) NOT NULL,
  `location` text NOT NULL,
  `live` int(250) DEFAULT '0'
) ENGINE=InnoDB DEFAULT CHARSET=latin1;

--
-- Dumping data for table `fluid_company`
--

INSERT INTO `fluid_company` (`id`, `company_name`, `tin_number`, `email`, `location`, `live`) VALUES
(5, 'ALGORITHM', '101909872', 'kimainyi@gmail.com', 'KIMIHURURA', 1),
(6, 'KAURWA LTD', '10317279', 'kaurwaltd@gmail.com', 'KIMIRONKO', 1);

-- --------------------------------------------------------

--
-- Table structure for table `fluid_depart`
--

CREATE TABLE `fluid_depart` (
  `id` int(200) NOT NULL,
  `id_place1` int(200) NOT NULL,
  `departure` varchar(255) COLLATE utf8_unicode_ci NOT NULL,
  `id_sector1` int(20) NOT NULL
) ENGINE=InnoDB DEFAULT CHARSET=utf8 COLLATE=utf8_unicode_ci;

--
-- Dumping data for table `fluid_depart`
--

INSERT INTO `fluid_depart` (`id`, `id_place1`, `departure`, `id_sector1`) VALUES
(1, 1, 'kipharma', 12),
(14, 14, 'pharmamed', 13);

-- --------------------------------------------------------

--
-- Table structure for table `fluid_departments`
--

CREATE TABLE `fluid_departments` (
  `id` int(11) NOT NULL,
  `id_subcompany` int(11) DEFAULT NULL,
  `name_dep` varchar(255) COLLATE utf8_unicode_ci NOT NULL
) ENGINE=InnoDB DEFAULT CHARSET=utf8 COLLATE=utf8_unicode_ci;

--
-- Dumping data for table `fluid_departments`
--

INSERT INTO `fluid_departments` (`id`, `id_subcompany`, `name_dep`) VALUES
(1, 3, 'dev'),
(2, 3, 'support'),
(3, 3, 'sales'),
(4, 3, 'Customer issues'),
(5, 4, 'Distribution'),
(6, 4, 'Importation');

-- --------------------------------------------------------

--
-- Table structure for table `fluid_distance`
--

CREATE TABLE `fluid_distance` (
  `id` int(255) NOT NULL,
  `id_user` int(11) DEFAULT NULL,
  `id_sector0` int(255) NOT NULL,
  `id_sectorf` int(255) NOT NULL,
  `kilometers` decimal(55,0) NOT NULL
) ENGINE=InnoDB DEFAULT CHARSET=utf8 COLLATE=utf8_unicode_ci;

--
-- Dumping data for table `fluid_distance`
--

INSERT INTO `fluid_distance` (`id`, `id_user`, `id_sector0`, `id_sectorf`, `kilometers`) VALUES
(1, NULL, 9, 8, '5'),
(2, NULL, 9, 14, '7'),
(3, NULL, 12, 8, '7'),
(4, NULL, 12, 4, '10'),
(5, NULL, 17, 9, '10'),
(6, NULL, 9, 1, '5'),
(7, NULL, 17, 19, '7'),
(8, NULL, 19, 1, '6'),
(9, NULL, 19, 15, '5'),
(10, NULL, 8, 9, '5'),
(11, NULL, 14, 9, '7'),
(12, NULL, 8, 12, '7'),
(13, NULL, 4, 12, '10'),
(14, NULL, 9, 17, '10'),
(15, NULL, 1, 9, '5'),
(16, NULL, 19, 17, '7'),
(17, NULL, 1, 19, '6'),
(18, NULL, 15, 19, '5'),
(19, NULL, 9, 15, '12'),
(20, NULL, 18, 19, '3'),
(21, NULL, 19, 18, '3'),
(22, NULL, 19, 9, '14'),
(23, NULL, 9, 19, '14'),
(24, NULL, 9, 18, '7'),
(25, NULL, 18, 9, '7'),
(26, NULL, 18, 19, '1'),
(27, NULL, 19, 18, '1'),
(28, NULL, 23, 8, '11'),
(29, NULL, 8, 23, '11'),
(30, NULL, 18, 418, '16'),
(31, NULL, 418, 18, '16'),
(32, NULL, 18, 14, '7'),
(33, NULL, 14, 18, '7'),
(34, NULL, 14, 9, '11'),
(35, NULL, 9, 14, '11'),
(101, NULL, 8, 17, '10'),
(102, NULL, 17, 8, '10'),
(103, NULL, 18, 31, '4'),
(104, NULL, 31, 18, '7'),
(105, 28, 7, 16, '200'),
(106, 61, 31, 135, '900'),
(107, 61, 1, 12, '900'),
(108, 61, 135, 31, '800'),
(109, 22, 9, 396, '8'),
(110, 1, 9, 9, '10'),
(111, 73, 166, 31, '162'),
(112, 73, 31, 166, '162'),
(113, 73, 166, 74, '272'),
(114, 73, 31, 74, '132'),
(115, 73, 31, 81, '98'),
(116, 73, 31, 275, '98'),
(117, 73, 31, 52, '260'),
(118, 73, 31, 198, '133'),
(119, 73, 31, 338, '158'),
(120, 73, 166, 81, '262'),
(121, 73, 166, 275, '65'),
(122, 73, 166, 52, '98'),
(123, 73, 166, 198, '50'),
(124, 73, 166, 338, '320'),
(125, 73, 166, 303, '214'),
(126, 73, 166, 181, '41'),
(127, 73, 166, 190, '67'),
(128, 73, 31, 303, '70'),
(129, 73, 166, 188, '110'),
(130, 73, 166, 197, '95'),
(131, 73, 166, 278, '50'),
(132, 73, 166, 253, '95'),
(133, 73, 166, 125, '175'),
(134, 73, 166, 117, '198'),
(135, 73, 166, 105, '208'),
(136, 73, 166, 112, '223'),
(137, 73, 166, 57, '242'),
(138, 73, 166, 53, '301'),
(139, 73, 166, 324, '215'),
(140, 73, 166, 310, '231'),
(141, 73, 166, 12, '163'),
(142, 73, 166, 248, '174'),
(143, 73, 166, 355, '252'),
(144, 73, 166, 411, '188'),
(145, 73, 166, 418, '179'),
(146, 73, 166, 88, '247'),
(147, 1, 9, 412, '10'),
(148, 28, 17, 14, '13'),
(149, 22, 18, 168, '26'),
(150, 22, 9, 168, '21'),
(151, 22, 31, 4, '18'),
(152, 22, 31, 396, '5'),
(153, 22, 18, 396, '7'),
(154, 22, 18, 233, '7'),
(155, 22, 23, 18, '7'),
(156, 22, 396, 18, '7'),
(157, 22, 17, 18, '4'),
(158, 22, 168, 9, '21'),
(159, 22, 18, 23, '5'),
(160, 22, 23, 19, '3'),
(161, 22, 233, 233, '8'),
(162, 22, 412, 18, '7'),
(163, 22, 168, 412, '23'),
(164, 22, 31, 361, '5'),
(165, 22, 18, 412, '7'),
(166, 22, 23, 9, '2'),
(167, 83, 31, 19, '7'),
(168, 83, 18, 17, '3'),
(169, 83, 18, 8, '9'),
(170, 83, 412, 31, '3'),
(171, 22, 19, 412, '8'),
(172, 22, 412, 9, '3'),
(173, 22, 233, 18, '4'),
(174, 83, 19, 14, '10'),
(175, 83, 14, 8, '11'),
(176, 83, 8, 28, '7'),
(177, 83, 28, 35, '7'),
(178, 83, 233, 35, '17'),
(179, 83, 18, 35, '12'),
(180, 22, 35, 233, '18'),
(181, 22, 278, 18, '54'),
(182, 22, 18, 278, '54'),
(183, 22, 233, 11, '8'),
(184, 22, 8, 18, '10'),
(185, 83, 18, 28, '6'),
(186, 83, 28, 412, '5'),
(187, 83, 412, 8, '6'),
(188, 83, 8, 4, '3'),
(189, 83, 4, 18, '9'),
(190, 22, 396, 19, '3'),
(191, 22, 18, 30, '7'),
(192, 22, 35, 18, '8'),
(193, 22, 19, 396, '7'),
(194, 22, 396, 9, '8'),
(195, 22, 412, 396, '8'),
(196, 22, 9, 23, '8'),
(197, 22, 23, 35, '7'),
(198, 28, 11, 396, '4'),
(199, 28, 396, 20, '10'),
(200, 83, 396, 28, '8'),
(201, 83, 28, 396, '8'),
(202, 83, 9, 418, '23'),
(203, 22, 8, 396, '7'),
(204, 22, 412, 412, '5'),
(205, 22, 412, 19, '8'),
(206, 22, 278, 412, '54'),
(207, 22, 412, 14, '13'),
(208, 22, 31, 412, '10'),
(209, 22, 18, 361, '5'),
(210, 22, 361, 18, '5'),
(211, 22, 396, 3, '4'),
(212, 22, 412, 168, '23'),
(213, 22, 396, 396, '4'),
(214, 22, 23, 412, '8'),
(215, 22, 19, 31, '7'),
(216, 22, 17, 28, '8'),
(217, 22, 28, 31, '11'),
(218, 22, 18, 34, '4'),
(219, 22, 412, 17, '10'),
(220, 22, 412, 411, '22'),
(221, 22, 18, 27, '6'),
(222, 22, 1, 18, '8'),
(223, 22, 412, 27, '8'),
(224, 22, 233, 412, '8'),
(225, 1, 18, 411, '26'),
(226, 1, 23, 127, '7'),
(227, 22, 233, 19, '5'),
(228, 22, 233, 281, '5'),
(229, 22, 18, 18, '5'),
(230, 22, 9, 30, '8'),
(231, 22, 233, 17, '8'),
(232, 22, 18, 281, '5'),
(233, 22, 396, 30, '11'),
(234, 22, 9, 411, '24'),
(235, 22, 281, 18, '4'),
(236, 22, 27, 9, '10'),
(237, 22, 411, 18, '26'),
(238, 22, 396, 411, '26'),
(239, 22, 411, 396, '26'),
(240, 83, 412, 278, '49'),
(241, 83, 412, 1, '7'),
(242, 22, 31, 233, '8'),
(243, 22, 27, 18, '10'),
(244, 22, 396, 27, '10'),
(245, 1, 18, 11, '12'),
(246, 22, 14, 233, '10'),
(247, 22, 23, 31, '7'),
(248, 22, 23, 17, '7'),
(249, 22, 412, 361, '8'),
(250, 22, 19, 28, '10'),
(251, 22, 28, 17, '10'),
(252, 22, 9, 35, '10'),
(253, 22, 6, 19, '10'),
(254, 22, 9, 281, '8'),
(255, 22, 31, 14, '12'),
(256, 22, 396, 412, '10'),
(257, 28, 28, 233, '10'),
(258, 83, 18, 7, '10'),
(259, 83, 7, 30, '13'),
(260, 83, 7, 18, '9'),
(261, 83, 9, 233, '7'),
(262, 83, 412, 11, '10'),
(263, 83, 23, 233, '5'),
(264, 83, 233, 23, '5'),
(265, 21, 8, 3, '10'),
(266, 22, 412, 271, '10'),
(267, 22, 14, 396, '9'),
(268, 22, 8, 31, '10'),
(269, 22, 23, 14, '10'),
(270, 22, 31, 11, '10'),
(271, 22, 28, 18, '10'),
(272, 22, 30, 18, '6'),
(273, 22, 30, 233, '6'),
(274, 22, 9, 31, '7'),
(275, 22, 18, 1, '8');

-- --------------------------------------------------------

--
-- Table structure for table `fluid_district`
--

CREATE TABLE `fluid_district` (
  `id` int(11) NOT NULL,
  `province_id` int(11) NOT NULL,
  `name` varchar(75) NOT NULL
) ENGINE=InnoDB DEFAULT CHARSET=latin1;

--
-- Dumping data for table `fluid_district`
--

INSERT INTO `fluid_district` (`id`, `province_id`, `name`) VALUES
(1, 1, 'Nyarugenge'),
(2, 1, 'Gasabo'),
(3, 1, 'Kicukiro'),
(4, 2, 'Nyanza'),
(5, 2, 'Gisagara'),
(6, 2, 'Nyaruguru'),
(7, 2, 'Huye'),
(8, 2, 'Nyamagabe'),
(9, 2, 'Ruhango'),
(10, 2, 'Muhanga'),
(11, 2, 'Kamonyi'),
(12, 3, 'Karongi'),
(13, 3, 'Rutsiro'),
(14, 3, 'Rubavu'),
(15, 3, 'Nyabihu'),
(16, 3, 'Ngororero'),
(17, 3, 'Rusizi'),
(18, 3, 'Nyamasheke'),
(19, 4, 'Rulindo'),
(20, 4, 'Gakenke'),
(21, 4, 'Musanze'),
(22, 4, 'Burera'),
(23, 4, 'Gicumbi'),
(24, 5, 'Rwamagana'),
(25, 5, 'Nyagatare'),
(26, 5, 'Gatsibo'),
(27, 5, 'Kayonza'),
(28, 5, 'Kirehe'),
(29, 5, 'Ngoma'),
(30, 5, 'Bugesera');

-- --------------------------------------------------------

--
-- Table structure for table `fluid_driver`
--

CREATE TABLE `fluid_driver` (
  `id` int(11) NOT NULL,
  `full_name` varchar(11) NOT NULL,
  `driving_licence` varchar(11) NOT NULL,
  `username` varchar(11) NOT NULL,
  `password` varchar(11) NOT NULL,
  `last_login` datetime NOT NULL
) ENGINE=InnoDB DEFAULT CHARSET=latin1;

-- --------------------------------------------------------

--
-- Table structure for table `fluid_kms`
--

CREATE TABLE `fluid_kms` (
  `id` int(11) NOT NULL,
  `id_subcompany` int(11) NOT NULL,
  `id_car` int(11) NOT NULL,
  `theday` datetime NOT NULL,
  `initial` decimal(10,0) NOT NULL,
  `lefton` decimal(10,0) DEFAULT NULL,
  `picture` varchar(200) NOT NULL,
  `amount` int(11) DEFAULT NULL,
  `qty` int(11) DEFAULT NULL
) ENGINE=InnoDB DEFAULT CHARSET=latin1;

--
-- Dumping data for table `fluid_kms`
--

INSERT INTO `fluid_kms` (`id`, `id_subcompany`, `id_car`, `theday`, `initial`, `lefton`, `picture`, `amount`, `qty`) VALUES
(29, 3, 1, '2018-07-30 00:00:00', '0', '14', 'WhatsApp Image 2018-07-27 at 11.48.50.jpeg', NULL, NULL),
(30, 3, 2, '2018-07-27 00:00:00', '0', '10786', 'DOLCE&BELLA.jpg', NULL, NULL),
(31, 3, 1, '2018-08-13 00:00:00', '0', '26520', '', 4000, 3),
(32, 3, 1, '2018-08-10 00:00:00', '0', '20705', 'RECU ESSENCE.jpg', 5000, 2),
(33, 4, 15, '2018-08-05 00:00:00', '0', '10786', 'FAITH PHARMACY.jpeg', 35000, 16),
(34, 4, 19, '2018-09-05 00:00:00', '0', '9400', '', 5000, 3),
(35, 4, 20, '2018-09-06 00:00:00', '0', '10786', 'FAITH PHARMACY.jpeg', 45000, 59),
(36, 4, 16, '2018-09-06 00:00:00', '0', '10786', 'LA DIVINE-MULINDI.jpeg', 100000, 200),
(37, 4, 16, '2018-09-06 00:00:00', '0', '10786', 'LA DIVINE-MULINDI.jpeg', 100000, 200),
(38, 3, 1, '2018-07-06 00:00:00', '0', '16935', '', 5000, 5),
(39, 3, 2, '2018-10-10 00:00:00', '0', '27610', '10.10.jpg', 20000, 20),
(40, 3, 2, '2018-09-05 00:00:00', '0', '23368', '05.09.jpg', 10000, 10),
(41, 3, 2, '2018-09-15 00:00:00', '0', '24762', '15.09.jpg', 15000, 15),
(42, 3, 2, '2018-10-11 00:00:00', '0', '27710', '11.10.jpg', 36700, 36);

-- --------------------------------------------------------

--
-- Table structure for table `fluid_place`
--

CREATE TABLE `fluid_place` (
  `id` int(11) NOT NULL,
  `id_user` int(100) NOT NULL,
  `name` varchar(255) COLLATE utf8_unicode_ci NOT NULL,
  `id_sector0` int(200) NOT NULL,
  `street` int(11) DEFAULT NULL,
  `house_number` int(11) DEFAULT NULL,
  `aboutcontract` varchar(255) COLLATE utf8_unicode_ci NOT NULL
) ENGINE=InnoDB DEFAULT CHARSET=utf8 COLLATE=utf8_unicode_ci;

--
-- Dumping data for table `fluid_place`
--

INSERT INTO `fluid_place` (`id`, `id_user`, `name`, `id_sector0`, `street`, `house_number`, `aboutcontract`) VALUES
(1, 22, 'kipharma', 9, NULL, NULL, 'incontract'),
(2, 0, 'keystone', 8, NULL, NULL, 'incontract'),
(3, 0, 'ladivineville', 9, NULL, NULL, 'incontract'),
(4, 22, 'sangwaville', 9, NULL, NULL, 'incontract'),
(5, 0, 'sunbeam', 9, NULL, NULL, 'incontract'),
(6, 0, 'iris', 9, NULL, NULL, 'outofdate'),
(7, 0, 'eastgateville', 9, NULL, NULL, 'incontract'),
(8, 22, 'multiphar', 9, NULL, NULL, 'incontract'),
(9, 0, 'pharmacure', 9, NULL, NULL, 'incontract'),
(10, 0, 'pharmalife', 9, NULL, NULL, 'outofdate'),
(11, 0, 'le medicale', 9, NULL, NULL, 'incontract'),
(12, 0, 'pharmamed', 19, NULL, NULL, 'new'),
(13, 0, 'nsanga', 12, NULL, NULL, 'uptodate'),
(14, 0, 'Dov', 15, NULL, NULL, 'yes'),
(15, 0, 'peniel', 9, NULL, NULL, 'incontract'),
(16, 0, 'jm', 17, NULL, NULL, 'new'),
(17, 0, 'peace', 4, NULL, NULL, 'incontract'),
(18, 0, 'umurava', 8, NULL, NULL, 'outofdate'),
(19, 0, 'speranza', 1, NULL, NULL, 'outofdate'),
(20, 0, 'technipharma', 19, NULL, NULL, 'incontract'),
(21, 0, 'depham', 9, NULL, NULL, 'incontract'),
(22, 0, 'pharmalab', 9, NULL, NULL, 'incontract'),
(23, 0, 'jyambere', 9, NULL, NULL, 'incontract'),
(24, 0, 'agrolife', 9, NULL, NULL, 'incontract'),
(25, 0, 'ubumwe', 9, NULL, NULL, 'incontract'),
(26, 0, 'hamphar', 17, NULL, NULL, 'incontract'),
(27, 0, 'alvarus', 9, NULL, NULL, 'incontract'),
(28, 0, 'pharmavie rssb', 9, NULL, NULL, 'incontract'),
(29, 0, 'pharmavie chuk', 9, NULL, NULL, 'incontract'),
(30, 0, 'afrifame', 9, NULL, NULL, 'incontract'),
(31, 0, 'AGA', 9, NULL, NULL, 'incontract'),
(32, 0, 'unipharma kimihurura', 18, NULL, NULL, 'incontract'),
(33, 0, 'unipharma kct', 9, NULL, NULL, 'incontract'),
(34, 0, 'mediasol ville', 9, NULL, NULL, 'incontract'),
(35, 0, 'conseil ville', 9, NULL, NULL, 'incontract'),
(36, 0, 'conseil gacuriro', 14, NULL, NULL, 'incontract'),
(37, 0, 'conseil kacyiru', 17, NULL, NULL, 'incontract'),
(38, 0, 'mediasol remera', 23, NULL, NULL, 'incontract'),
(39, 0, 'marchem', 9, NULL, NULL, 'incontract'),
(40, 0, 'la reference', 23, NULL, NULL, 'incontract'),
(41, 0, 'Royal', 30, NULL, NULL, 'incontract'),
(42, 0, 'interbusiness', 23, NULL, NULL, 'incontract'),
(43, 0, 'muhire ville', 9, NULL, NULL, 'incontract'),
(44, 0, 'muhire kanombe', 30, NULL, NULL, 'incontract'),
(45, 0, 'zoom', 14, NULL, NULL, 'incontract'),
(46, 0, 'continentale', 23, NULL, NULL, 'incontract'),
(47, 0, 'vine', 23, NULL, NULL, 'incontract'),
(48, 0, 'vune kh', 17, NULL, NULL, 'incontract'),
(49, 0, 'pharmacie croix du sud', 23, NULL, NULL, 'incontract'),
(50, 0, 'tramed', 9, NULL, NULL, 'incontract'),
(51, 0, 'score', 9, NULL, NULL, 'incontract'),
(52, 0, 'fidele', 9, NULL, NULL, ''),
(53, 0, 'remed', 8, NULL, NULL, 'incontract'),
(54, 0, 'lifeline', 14, NULL, NULL, 'incontract'),
(55, 0, 'pharmavie st paul', 9, NULL, NULL, 'incontract'),
(56, 0, 'tresol', 9, NULL, NULL, 'incontract'),
(57, 0, 'aha', 14, NULL, NULL, 'incontract'),
(58, 0, 'cellar', 23, NULL, NULL, 'incontract'),
(59, 0, 'ihirwe', 8, NULL, NULL, 'incontract'),
(60, 0, 'MNR', 18, NULL, NULL, 'incontract'),
(61, 0, 'PMSS', 17, NULL, NULL, 'incontract'),
(62, 0, 'WORLD HOUSE', 14, NULL, NULL, 'incontract'),
(63, 0, 'African medical supplier', 9, NULL, NULL, 'incontract'),
(64, 0, 'computer support', 9, NULL, NULL, 'incontract'),
(65, 0, 'nsanga depot', 9, NULL, NULL, 'incontract'),
(66, 0, 'alpha', 9, NULL, NULL, 'incontract'),
(67, 0, 'pax pharma', 9, NULL, NULL, 'incontract'),
(68, 0, 'agrotech', 9, NULL, NULL, 'incontract'),
(69, 0, 'sun depot', 9, NULL, NULL, 'incontract'),
(70, 0, 'galaxy hotel', 9, NULL, NULL, 'incontract'),
(71, 0, 'civitas hotel', 23, NULL, NULL, 'incontract'),
(72, 0, 'chez lando hotel', 23, NULL, NULL, 'incontract'),
(73, 0, 'the mirror hotel', 23, NULL, NULL, 'incontract'),
(74, 0, 'new vision', 19, NULL, NULL, 'new'),
(75, 0, 'new vision', 19, NULL, NULL, 'new'),
(76, 0, 'other', 9, NULL, NULL, 'NE'),
(77, 0, 'bunker', 18, NULL, NULL, 'yes'),
(78, 0, 'confidence', 14, NULL, NULL, 'newone'),
(79, 0, 'chez lando', 23, NULL, NULL, 'incontract'),
(80, 0, 'question cofee', 18, NULL, NULL, 'new'),
(81, 0, 'home', 8, NULL, NULL, 'rentree'),
(82, 0, 'BK kigali heigth', 18, NULL, NULL, 'other'),
(83, 0, 'cogebanque/lando', 23, NULL, NULL, 'other'),
(84, 0, 'I&M/ lando', 23, NULL, NULL, 'other'),
(85, 0, 'EXPO', 28, NULL, NULL, 'NONE'),
(86, 0, 'BELECOM', 9, NULL, NULL, 'INCONTRACT'),
(87, 0, 'ING', 9, NULL, NULL, 'INCONTRACT'),
(88, 0, 'PRICELINE PHARMACY', 14, NULL, NULL, 'INCONTRACT'),
(89, 28, 'Mariott Hotel', 9, NULL, NULL, 'Meeting'),
(90, 28, 'pmss', 17, NULL, NULL, 'NEW'),
(91, 38, 'GISIMENTI', 396, NULL, NULL, ''),
(92, 2, 'lando', 396, NULL, NULL, 'none'),
(93, 25, 'AYIBAMBE', 24, NULL, NULL, 'UPDATE'),
(94, 38, 'TOWN', 412, NULL, NULL, 'CITY'),
(95, 32, 'ndoli supermarket', 396, NULL, NULL, 'furniture'),
(96, 20, 'Kaurwa', 19, NULL, NULL, 'Client'),
(97, 3, 'Gadiel pharmacy', 8, NULL, NULL, 'yes'),
(98, 32, 'Domus', 14, NULL, NULL, 'Incontract'),
(99, 1, 'eastgate remera', 396, NULL, NULL, 'yes'),
(100, 20, 'Glaxo', 9, NULL, NULL, 'Client'),
(101, 3, 'Phcie Maranatha', 17, NULL, NULL, 'new contract'),
(102, 25, 'EXTREME PHARMACY', 31, NULL, NULL, 'NEW'),
(103, 3, 'Health care', 14, NULL, NULL, 'new contract'),
(104, 25, 'PHARMACIE NOVA', 31, NULL, NULL, 'ACTIVE'),
(105, 20, 'Ducalme', 19, NULL, NULL, 'No'),
(106, 21, 'MTN ', 396, NULL, NULL, 'none'),
(107, 20, 'Gardien', 8, NULL, NULL, 'No'),
(108, 32, 'APOTECARY', 418, NULL, NULL, 'UPDATE CONTRACT'),
(109, 24, 'Pharmacy beni', 17, NULL, NULL, ''),
(110, 24, 'Pharmacy beni', 17, NULL, NULL, ''),
(111, 20, 'Bunker', 18, NULL, NULL, 'No'),
(112, 20, 'Bunker', 18, NULL, NULL, 'No'),
(113, 1, 'LadivineVille', 9, NULL, NULL, 'yes'),
(114, 25, 'PRICELINE PHARMACY ', 127, NULL, NULL, 'INCONTRACT'),
(115, 20, 'KDH', 17, NULL, NULL, 'No'),
(118, 24, 'THE NEW RACH BAR', 14, NULL, NULL, 'INSTALLATION'),
(119, 20, 'Pharmamed', 19, NULL, NULL, 'No'),
(120, 32, 'pharmacure', 412, NULL, NULL, 'UPDATE CONTRACT'),
(121, 38, 'GALAXY', 412, NULL, NULL, 'HOTEL'),
(123, 20, 'Dean pharmacy', 19, NULL, NULL, 'Yes'),
(124, 32, 'continentale', 396, NULL, NULL, 'UPDATE CONTRACT'),
(125, 25, 'PHARMAID LTD', 28, NULL, NULL, 'UPDATE'),
(126, 1, 'EastgateVille', 412, NULL, NULL, 'yes'),
(127, 24, 'EUREKA', 4, NULL, NULL, 'SUPPORT'),
(128, 24, 'EUREKA', 4, NULL, NULL, 'SUPPORT'),
(129, 20, 'The specialist', 19, NULL, NULL, 'Yes'),
(130, 20, 'The specialist', 19, NULL, NULL, 'Yes'),
(131, 24, 'MEDIASOL TOWN', 412, NULL, NULL, 'INSTALLATION'),
(132, 20, 'Kaves', 19, NULL, NULL, 'Update'),
(133, 20, 'Kaves', 19, NULL, NULL, 'Update'),
(134, 20, 'Vine', 23, NULL, NULL, 'Update'),
(135, 22, 'Kipharma', 9, NULL, NULL, 'yes'),
(136, 73, 'Gisenyi (brasserie)', 166, NULL, NULL, 'YES'),
(137, 73, 'Butare(depot BRALIRWA)', 74, NULL, NULL, 'YES'),
(138, 73, 'Kibungo (depot BRALIRWA)', 81, NULL, NULL, 'YES'),
(139, 73, 'Ruhengeri (depot BRALIRWA)', 275, NULL, NULL, 'YES'),
(140, 73, 'Cyangungu (depot BRALIRWA)', 52, NULL, NULL, 'YES'),
(141, 73, 'Kibuye (depot BRALIRWA)', 198, NULL, NULL, 'YES'),
(142, 73, 'Nyagatare (depot BRALIRWA)', 338, NULL, NULL, 'YES'),
(143, 73, 'Byumba (depot BRALIRWA)', 303, NULL, NULL, 'YES'),
(144, 73, 'Mukamira(SOFATHEBE)', 181, NULL, NULL, 'YES'),
(145, 73, 'Kabaya(SOFATHEBE)', 190, NULL, NULL, 'YES'),
(146, 73, 'Gatumba(SOFATHEBE)', 188, NULL, NULL, 'YES'),
(147, 73, 'Ngororero(SOFATHEBE)', 197, NULL, NULL, 'YES'),
(148, 73, 'Byangabo(BYIMANA)', 278, NULL, NULL, 'YES'),
(149, 73, 'Gakenke(KURA)', 253, NULL, NULL, 'YES'),
(150, 73, 'Nyirangarama', 278, NULL, NULL, 'YES'),
(151, 73, 'Kamonyi', 125, NULL, NULL, 'YES'),
(152, 73, 'Gitarama', 117, NULL, NULL, 'YES'),
(153, 73, 'Byimana(SMACORP)', 105, NULL, NULL, 'YES'),
(154, 73, 'Ruhango(KAFACO)', 112, NULL, NULL, 'YES'),
(155, 73, 'Nyanza(SODITRACO)', 57, NULL, NULL, 'YES'),
(156, 73, 'Gikongoro(SODITRACO)', 53, NULL, NULL, 'YES'),
(157, 73, 'Rwamagana(depot BUDEYI)', 324, NULL, NULL, 'YES'),
(158, 73, 'Kayonza(depot BUDEYI)', 310, NULL, NULL, 'YES'),
(159, 73, 'Nyacyonga(FAPROCO)', 12, NULL, NULL, 'YES'),
(160, 73, 'Rutongo(FAPROCO)', 248, NULL, NULL, 'YES'),
(161, 73, 'Kiramuruzi(BUDEYI)', 355, NULL, NULL, 'YES'),
(162, 73, 'Nyamata(DITRAC)', 411, NULL, NULL, 'YES'),
(163, 73, 'kabuga(SAM&CHAM)', 418, NULL, NULL, 'YES'),
(164, 73, 'Muhanga GPTC(Via ngororero)', 117, NULL, NULL, 'YES'),
(165, 73, 'Huye(SADICO)', 74, NULL, NULL, 'YES'),
(166, 73, 'Nyamagabe(SODITRACO)', 88, NULL, NULL, 'YES'),
(167, 73, 'Shyorongi(SOTKAM)', 248, NULL, NULL, 'YES'),
(168, 73, 'Kibrali', 9, NULL, NULL, 'YES'),
(169, 73, 'Base', 278, NULL, NULL, 'NOP'),
(170, 73, 'Base', 278, NULL, NULL, 'YES'),
(171, 73, 'Nzige(BEDITRA)', 334, NULL, NULL, 'YES'),
(172, 73, 'Karenge(BEDITRA)', 325, NULL, NULL, 'YES'),
(173, 73, 'Gaseke(ABASANGIRA)', 318, NULL, NULL, 'YES'),
(174, 73, 'Nyabagendwa', 402, NULL, NULL, 'YES'),
(175, 73, 'Ruhuha(DITRAC)', 414, NULL, NULL, 'YES'),
(176, 73, 'Kirambo(BUDCO)', 198, NULL, NULL, 'YES'),
(177, 73, 'Kicukiro(limonaderie)', 31, NULL, NULL, 'YES'),
(178, 20, 'Aha', 1, NULL, NULL, 'NEW'),
(179, 20, 'KPI', 9, NULL, NULL, 'Ok'),
(180, 20, 'Belecom Hardware', 9, NULL, NULL, 'Ok'),
(181, 28, 'Mtn HQ', 396, NULL, NULL, 'Ok'),
(182, 57, 'Houmed', 233, NULL, NULL, ''),
(183, 57, 'Emmy pharmacy', 31, NULL, NULL, 'Yes'),
(184, 20, 'Aga', 9, NULL, NULL, 'Ok'),
(185, 57, 'Ihirwe', 8, NULL, NULL, 'Yes'),
(186, 28, 'Sonatube', 218, NULL, NULL, 'Ok'),
(187, 28, '250 plus', 11, NULL, NULL, 'Dealing'),
(188, 80, 'ville', 233, NULL, NULL, 'deal'),
(189, 80, 'M&MPLAZA', 20, NULL, NULL, 'NEW '),
(190, 22, 'TUZA', 168, NULL, NULL, 'PRIVATE'),
(191, 22, 'Mironko plastics industry', 31, NULL, NULL, 'new contract'),
(192, 61, 'kibrali', 31, NULL, NULL, 'new contract with us'),
(193, 20, 'Dolce and Bella', 23, NULL, NULL, 'Ok'),
(194, 20, 'Faith', 31, NULL, NULL, 'Ok'),
(195, 28, 'Bk siege', 233, NULL, NULL, 'Dealing'),
(196, 22, 'Sweetgate', 23, NULL, NULL, 'INCONTRACT'),
(197, 24, 'Hamphar', 17, NULL, NULL, 'INCONTRACT'),
(198, 80, 'stadium', 233, NULL, NULL, ''),
(199, 57, 'NEW VISION ', 19, NULL, NULL, 'In contract'),
(200, 57, 'EYDEN', 8, NULL, NULL, 'In contact'),
(201, 57, 'The Celler', 396, NULL, NULL, 'In contact'),
(202, 20, 'Pharmavie Rssb', 9, NULL, NULL, 'Ok'),
(203, 24, 'Confidence pharmacy', 14, NULL, NULL, 'In contract'),
(204, 32, 'Kicukiro centre', 31, NULL, NULL, ''),
(205, 21, 'muhire ville', 412, NULL, NULL, 'updatw'),
(206, 57, 'Allimed', 31, NULL, NULL, 'In contract'),
(207, 57, 'TETA REMERA', 361, NULL, NULL, 'In contract'),
(208, 27, 'UNIPHARMA B2', 396, NULL, NULL, 'OK'),
(209, 21, 'KIGALI HEIGTH', 18, NULL, NULL, 'OTHER'),
(210, 27, 'bridge', 18, NULL, NULL, 'ok'),
(211, 24, 'Depham', 1, NULL, NULL, 'In contract'),
(212, 24, 'Depham', 9, NULL, NULL, 'In contract'),
(213, 27, 'MEDIASOL REMERA', 9, NULL, NULL, '6'),
(214, 57, 'TETA KIMIRONKO', 19, NULL, NULL, 'In contract'),
(215, 81, 'Telecom House Kacyiru', 17, NULL, NULL, 'Issue Private'),
(216, 24, 'JYAMBERE', 412, NULL, NULL, 'In contract'),
(217, 26, 'CONSEIL VILLE', 233, NULL, NULL, ''),
(218, 27, 'MEDIASOL KANOMBE', 35, NULL, NULL, 'OK'),
(219, 24, 'PHARMAVIE CHUK', 412, NULL, NULL, 'In contract'),
(220, 24, 'PHARMAVIE CHUK', 412, NULL, NULL, 'In contract'),
(221, 24, 'UBUMWE', 412, NULL, NULL, 'In contract'),
(222, 24, 'UMUTOZO', 31, NULL, NULL, 'In contract'),
(223, 24, 'ISANO', 31, NULL, NULL, 'In contract'),
(224, 24, 'pharmalab', 9, NULL, NULL, 'In contract'),
(225, 20, 'Digne', 19, NULL, NULL, 'Ok'),
(226, 22, 'Nyirangarama', 278, NULL, NULL, 'customer issue'),
(227, 82, 'CONSEIL KACYIRU', 17, NULL, NULL, 'UPDATE'),
(228, 27, 'sanophar', 4, NULL, NULL, '0'),
(229, 24, 'TRAMED NYARUGENGE', 412, NULL, NULL, 'In contract'),
(230, 24, 'JM PHARMACY', 17, NULL, NULL, 'IN CONTRACT'),
(231, 82, 'ABIRWA PHARMACY ', 23, NULL, NULL, 'Update'),
(232, 24, 'SUN entreprise', 412, NULL, NULL, 'In contract'),
(233, 57, 'Vision Chicken Tonight', 396, NULL, NULL, 'In contract'),
(234, 83, 'Bora', 4, NULL, NULL, 'no contract'),
(235, 32, 'muhire kanombe', 30, NULL, NULL, 'ok'),
(236, 20, 'Ireme', 19, NULL, NULL, 'Recurrent'),
(237, 28, 'Sole luna', 20, NULL, NULL, 'no contract'),
(238, 82, 'CONSEIL GACURIRO', 14, NULL, NULL, 'UPDATE'),
(239, 24, 'AGROTECH NYABUGOGO', 412, NULL, NULL, 'IN CONTRACT'),
(240, 80, 'kimironko 12', 233, NULL, NULL, ''),
(241, 80, 'RDB', 233, NULL, NULL, ''),
(242, 21, 'semu pharmacy', 31, NULL, NULL, 'update'),
(243, 21, 'WOLRD HOUSE', 14, NULL, NULL, 'SALES'),
(244, 32, 'LIFELINE', 14, NULL, NULL, 'In contract'),
(245, 24, 'MENUPHAR', 30, NULL, NULL, 'In contract'),
(246, 21, 'RRA', 18, NULL, NULL, 'other'),
(247, 27, 'speranza', 34, NULL, NULL, 'remera'),
(248, 71, 'St Theresa', 27, NULL, NULL, 'IN Contract'),
(249, 20, 'Le Medicale', 9, NULL, NULL, 'Ok'),
(250, 71, 'SURYA town', 412, NULL, NULL, 'IN Contract'),
(251, 20, 'Bsc', 23, NULL, NULL, 'Ok'),
(252, 80, 'algo service center', 233, NULL, NULL, ''),
(253, 82, 'AKEDAH PHARMACY', 411, NULL, NULL, 'NEW'),
(254, 82, 'CONSEIL NYARUTARAMA', 396, NULL, NULL, 'UPDATE'),
(255, 20, 'Karo', 281, NULL, NULL, 'Recurrent'),
(256, 22, 'AIRPORT', 30, NULL, NULL, 'NOP'),
(257, 71, 'PAX Pharmacy', 9, NULL, NULL, 'update contract'),
(258, 84, 'Carrefour', 233, NULL, NULL, ''),
(259, 84, 'Bunker', 233, NULL, NULL, 'Na'),
(260, 1, 'Escort pharmacy', 412, NULL, NULL, 'YES'),
(261, 32, 'PHARMAVIE ST PAUL', 6, NULL, NULL, 'update'),
(262, 80, 'strong medical', 233, NULL, NULL, ''),
(263, 26, 'Skol brewery', 9, NULL, NULL, ''),
(264, 32, 'rite', 30, NULL, NULL, 'update'),
(265, 84, 'Fuchsia CLub', 396, NULL, NULL, 'In contract'),
(266, 57, 'FUCHSIA', 396, NULL, NULL, 'In contract'),
(267, 1, 'Medplus', 14, NULL, NULL, 'YES'),
(268, 1, 'private depart', 18, NULL, NULL, 'NOP'),
(269, 1, 'private destination', 11, NULL, NULL, 'NOP'),
(270, 20, 'MNR', 18, NULL, NULL, 'Ok'),
(271, 82, 'TECHNIPHARMA', 19, NULL, NULL, 'CONTRACT'),
(272, 71, 'SCORE', 412, NULL, NULL, 'update contract'),
(273, 82, 'PANACEA PHARMACY', 28, NULL, NULL, 'New '),
(274, 82, 'PHARMACIE ROYALE', 35, NULL, NULL, 'CONTRACT'),
(275, 38, 'PAPYRUS', 18, NULL, NULL, '078'),
(276, 80, 'tuuza inn', 233, NULL, NULL, ''),
(277, 20, 'La Croix Du Sud ', 281, NULL, NULL, 'Recurrent'),
(278, 82, 'ZOOM PHARMACY ', 14, NULL, NULL, 'Contract'),
(279, 57, 'Umurava', 8, NULL, NULL, 'In contract'),
(280, 84, 'Alliance', 412, NULL, NULL, 'In contract'),
(281, 20, 'Vine kh', 18, NULL, NULL, 'Recurrent'),
(282, 82, 'PHARMA PLUS', 7, NULL, NULL, 'Contract'),
(283, 90, 'Gitega', 233, NULL, NULL, '0785363824'),
(284, 82, 'SANGA HEALTHCARE', 412, NULL, NULL, 'UPDATE'),
(285, 82, 'SANGA HEALTHCARE', 412, NULL, NULL, 'UPDATE'),
(286, 20, 'Inema', 31, NULL, NULL, 'Ok'),
(287, 76, 'gisozi', 271, NULL, NULL, ''),
(288, 82, 'VITA GRATIA', 29, NULL, NULL, 'Negotiation '),
(289, 38, 'WORLDHOUSE', 14, NULL, NULL, '078'),
(290, 71, 'Beni clinic', 19, NULL, NULL, 'No'),
(291, 92, 'Fuchsia', 233, NULL, NULL, ''),
(292, 92, 'Kimihurura', 3, NULL, NULL, ''),
(293, 27, 'kph', 17, NULL, NULL, ''),
(294, 92, 'Fuchsia', 233, NULL, NULL, ''),
(295, 92, 'La colombier', 233, NULL, NULL, ''),
(296, 92, 'La colombier', 233, NULL, NULL, ''),
(297, 57, 'MALISA', 31, NULL, NULL, 'In contract'),
(298, 82, '', 281, NULL, NULL, 'PHARMACIE UNIQUE'),
(299, 82, 'GISHUSHU', 396, NULL, NULL, 'UPDATE'),
(300, 82, 'PHARMACIE UNIQUE', 396, NULL, NULL, 'UPDATE'),
(301, 71, 'La Licorne', 12, NULL, NULL, 'in contract'),
(302, 27, 'kct ', 396, NULL, NULL, 'rr'),
(303, 20, 'Ing pharma', 412, NULL, NULL, 'No'),
(304, 4, 'bralirwa', 31, NULL, NULL, 'ok'),
(305, 71, 'Fidele', 412, NULL, NULL, 'in contract'),
(306, 84, 'Dephar', 57, NULL, NULL, 'In contract'),
(307, 93, 'Kipharma siege', 9, NULL, NULL, ''),
(308, 93, 'Banker', 233, NULL, NULL, ''),
(309, 82, 'SABANS PHARMACY ', 23, NULL, NULL, 'Contract'),
(310, 20, 'Interbusiness', 396, NULL, NULL, 'No'),
(311, 58, 'REMED', 233, NULL, NULL, ''),
(312, 58, 'la divine 15', 183, NULL, NULL, ''),
(313, 58, 'Salvia', 233, NULL, NULL, ''),
(314, 58, 'La reference', 233, NULL, NULL, ''),
(315, 24, 'Amaya pharmacy', 14, NULL, NULL, 'In contrac'),
(316, 24, 'Amaya pharmacy', 14, NULL, NULL, 'In contract'),
(317, 92, 'Kvcg', 233, NULL, NULL, ''),
(318, 58, 'Best choice', 233, NULL, NULL, ''),
(319, 84, 'KEYSTONNE', 8, NULL, NULL, ''),
(320, 38, 'CENTRE St.PAUL', 412, NULL, NULL, '0786239944'),
(321, 80, 'kacyiru hospital', 233, NULL, NULL, ''),
(322, 38, 'THE COURT', 18, NULL, NULL, '07823'),
(323, 82, 'KU RUYENZI', 233, NULL, NULL, 'NEW');

-- --------------------------------------------------------

--
-- Table structure for table `fluid_private_usage`
--

CREATE TABLE `fluid_private_usage` (
  `id` int(11) UNSIGNED NOT NULL,
  `id_car` int(11) DEFAULT NULL,
  `from` varchar(255) CHARACTER SET utf8 COLLATE utf8_unicode_ci DEFAULT NULL,
  `to` varchar(255) CHARACTER SET utf8 COLLATE utf8_unicode_ci DEFAULT NULL,
  `status` int(11) DEFAULT NULL
) ENGINE=MyISAM DEFAULT CHARSET=latin1;

-- --------------------------------------------------------

--
-- Table structure for table `fluid_province`
--

CREATE TABLE `fluid_province` (
  `id` int(11) NOT NULL,
  `name` varchar(75) NOT NULL
) ENGINE=InnoDB DEFAULT CHARSET=latin1;

--
-- Dumping data for table `fluid_province`
--

INSERT INTO `fluid_province` (`id`, `name`) VALUES
(1, 'Kigali City'),
(2, 'Southern Province'),
(3, 'Western Province'),
(4, 'Northern Province'),
(5, 'Eastern Province');

-- --------------------------------------------------------

--
-- Table structure for table `fluid_sector`
--

CREATE TABLE `fluid_sector` (
  `id` int(11) NOT NULL,
  `province_id` int(11) NOT NULL,
  `district_id` int(11) NOT NULL,
  `name` varchar(75) NOT NULL
) ENGINE=InnoDB DEFAULT CHARSET=latin1;

--
-- Dumping data for table `fluid_sector`
--

INSERT INTO `fluid_sector` (`id`, `province_id`, `district_id`, `name`) VALUES
(1, 1, 1, 'Gitega'),
(2, 1, 1, 'Kanyinya'),
(3, 1, 1, 'Kigali'),
(4, 1, 1, 'Kimisagara'),
(5, 1, 1, 'Mageregere'),
(6, 1, 1, 'Muhima'),
(7, 1, 1, 'Nyakabanda'),
(8, 1, 1, 'Nyamirambo'),
(9, 1, 1, 'Nyarugenge'),
(10, 1, 1, 'Rwezamenyo'),
(11, 1, 2, 'Bumbogo'),
(12, 1, 2, 'Gatsata'),
(13, 1, 2, 'Gikomero'),
(14, 1, 2, 'Gisozi'),
(15, 1, 2, 'Jabana'),
(16, 1, 2, 'Jali'),
(17, 1, 2, 'Kacyiru'),
(18, 1, 2, 'Kimihurura'),
(19, 1, 2, 'Kimironko'),
(20, 1, 2, 'Kinyinya'),
(21, 1, 2, 'Ndera'),
(22, 1, 2, 'Nduba'),
(23, 1, 2, 'Remera'),
(24, 1, 2, 'Rusororo'),
(25, 1, 2, 'Rutunga'),
(26, 1, 3, 'Gahanga'),
(27, 1, 3, 'Gatenga'),
(28, 1, 3, 'Gikondo'),
(29, 1, 3, 'Kagarama'),
(30, 1, 3, 'Kanombe'),
(31, 1, 3, 'Kicukiro'),
(32, 1, 3, 'Kigarama'),
(33, 1, 3, 'Masaka'),
(34, 1, 3, 'Niboye'),
(35, 1, 3, 'Nyarugunga'),
(36, 2, 4, 'Busasamana'),
(37, 2, 4, 'Busoro'),
(38, 2, 4, 'Cyabakamyi'),
(39, 2, 4, 'Kibilizi'),
(40, 2, 4, 'Kigoma'),
(41, 2, 4, 'Mukingo'),
(42, 2, 4, 'Muyira'),
(43, 2, 4, 'Ntyazo'),
(44, 2, 4, 'Nyagisozi'),
(45, 2, 4, 'Rwabicuma'),
(46, 2, 5, 'Gikonko'),
(47, 2, 5, 'Gishubi'),
(48, 2, 5, 'Kansi'),
(49, 2, 5, 'Kibirizi'),
(50, 2, 5, 'Kigembe'),
(51, 2, 5, 'Mamba'),
(52, 2, 5, 'Muganza'),
(53, 2, 5, 'Mugombwa'),
(54, 2, 5, 'Mukindo'),
(55, 2, 5, 'Musha'),
(56, 2, 5, 'Ndora'),
(57, 2, 5, 'Nyanza'),
(58, 2, 5, 'Save'),
(59, 2, 6, 'Busanze'),
(60, 2, 6, 'Cyahinda'),
(61, 2, 6, 'Kibeho'),
(62, 2, 6, 'Kivu'),
(63, 2, 6, 'Mata'),
(64, 2, 6, 'Muganza'),
(65, 2, 6, 'Munini'),
(66, 2, 6, 'Ngera'),
(67, 2, 6, 'Ngoma'),
(68, 2, 6, 'Nyabimata'),
(69, 2, 6, 'Nyagisozi'),
(70, 2, 6, 'Ruheru'),
(71, 2, 6, 'Ruramba'),
(72, 2, 6, 'Rusenge'),
(73, 2, 7, 'Gishamvu'),
(74, 2, 7, 'Huye'),
(75, 2, 7, 'Karama'),
(76, 2, 7, 'Kigoma'),
(77, 2, 7, 'Kinazi'),
(78, 2, 7, 'Maraba'),
(79, 2, 7, 'Mbazi'),
(80, 2, 7, 'Mukura'),
(81, 2, 7, 'Ngoma'),
(82, 2, 7, 'Ruhashya'),
(83, 2, 7, 'Rusatira'),
(84, 2, 7, 'Rwaniro'),
(85, 2, 7, 'Simbi'),
(86, 2, 7, 'Tumba'),
(87, 2, 8, 'Buruhukiro'),
(88, 2, 8, 'Cyanika'),
(89, 2, 8, 'Gasaka'),
(90, 2, 8, 'Gatare'),
(91, 2, 8, 'Kaduha'),
(92, 2, 8, 'Kamegeri'),
(93, 2, 8, 'Kibirizi'),
(94, 2, 8, 'Kibumbwe'),
(95, 2, 8, 'Kitabi'),
(96, 2, 8, 'Mbazi'),
(97, 2, 8, 'Mugano'),
(98, 2, 8, 'Musange'),
(99, 2, 8, 'Musebeya'),
(100, 2, 8, 'Mushubi'),
(101, 2, 8, 'Nkomane'),
(102, 2, 8, 'Tare'),
(103, 2, 8, 'Uwinkingi'),
(104, 2, 9, 'Bweramana'),
(105, 2, 9, 'Byimana'),
(106, 2, 9, 'Kabagali'),
(107, 2, 9, 'Kinazi'),
(108, 2, 9, 'Kinihira'),
(109, 2, 9, 'Mbuye'),
(110, 2, 9, 'Mwendo'),
(111, 2, 9, 'Ntongwe'),
(112, 2, 9, 'Ruhango'),
(113, 2, 10, 'Cyeza'),
(114, 2, 10, 'Kabacuzi'),
(115, 2, 10, 'Kibangu'),
(116, 2, 10, 'Kiyumba'),
(117, 2, 10, 'Muhanga'),
(118, 2, 10, 'Mushishiro'),
(119, 2, 10, 'Nyabinoni'),
(120, 2, 10, 'Nyamabuye'),
(121, 2, 10, 'Nyarusange'),
(122, 2, 10, 'Rongi'),
(123, 2, 10, 'Rugendabari'),
(124, 2, 10, 'Shyogwe'),
(125, 2, 11, 'Gacurabwenge'),
(126, 2, 11, 'Karama'),
(127, 2, 11, 'Kayenzi'),
(128, 2, 11, 'Kayumbu'),
(129, 2, 11, 'Mugina'),
(130, 2, 11, 'Musambira'),
(131, 2, 11, 'Ngamba'),
(132, 2, 11, 'Nyamiyaga'),
(133, 2, 11, 'Nyarubaka'),
(134, 2, 11, 'Rugarika'),
(135, 2, 11, 'Rukoma'),
(136, 2, 11, 'Runda'),
(137, 3, 12, 'Bwishyura'),
(138, 3, 12, 'Gashari'),
(139, 3, 12, 'Gishyita'),
(140, 3, 12, 'Gitesi'),
(141, 3, 12, 'Mubuga'),
(142, 3, 12, 'Murambi'),
(143, 3, 12, 'Murundi'),
(144, 3, 12, 'Mutuntu'),
(145, 3, 12, 'Rubengera'),
(146, 3, 12, 'Rugabano'),
(147, 3, 12, 'Ruganda'),
(148, 3, 12, 'Rwankuba'),
(149, 3, 12, 'Twumba'),
(150, 3, 13, 'Boneza'),
(151, 3, 13, 'Gihango'),
(152, 3, 13, 'Kigeyo'),
(153, 3, 13, 'Kivumu'),
(154, 3, 13, 'Manihira'),
(155, 3, 13, 'Mukura'),
(156, 3, 13, 'Murunda'),
(157, 3, 13, 'Musasa'),
(158, 3, 13, 'Mushonyi'),
(159, 3, 13, 'Mushubati'),
(160, 3, 13, 'Nyabirasi'),
(161, 3, 13, 'Ruhango'),
(162, 3, 13, 'Rusebeya'),
(163, 3, 14, 'Bugeshi'),
(164, 3, 14, 'Busasamana'),
(165, 3, 14, 'Cyanzarwe'),
(166, 3, 14, 'Gisenyi'),
(167, 3, 14, 'Kanama'),
(168, 3, 14, 'Kanzenze'),
(169, 3, 14, 'Mudende'),
(170, 3, 14, 'Nyakiriba'),
(171, 3, 14, 'Nyamyumba'),
(172, 3, 14, 'Nyundo'),
(173, 3, 14, 'Rubavu'),
(174, 3, 14, 'Rugerero'),
(175, 3, 15, 'Bigogwe'),
(176, 3, 15, 'Jenda'),
(177, 3, 15, 'Jomba'),
(178, 3, 15, 'Kabatwa'),
(179, 3, 15, 'Karago'),
(180, 3, 15, 'Kintobo'),
(181, 3, 15, 'Mukamira'),
(182, 3, 15, 'Muringa'),
(183, 3, 15, 'Rambura'),
(184, 3, 15, 'Rugera'),
(185, 3, 15, 'Rurembo'),
(186, 3, 15, 'Shyira'),
(187, 3, 16, 'Bwira'),
(188, 3, 16, 'Gatumba'),
(189, 3, 16, 'Hindiro'),
(190, 3, 16, 'Kabaya'),
(191, 3, 16, 'Kageyo'),
(192, 3, 16, 'Kavumu'),
(193, 3, 16, 'Matyazo'),
(194, 3, 16, 'Muhanda'),
(195, 3, 16, 'Muhororo'),
(196, 3, 16, 'Ndaro'),
(197, 3, 16, 'Ngororero'),
(198, 3, 16, 'Nyange'),
(199, 3, 16, 'Sovu'),
(200, 3, 17, 'Bugarama'),
(201, 3, 17, 'Butare'),
(202, 3, 17, 'Bweyeye'),
(203, 3, 17, 'Gashonga'),
(204, 3, 17, 'Giheke'),
(205, 3, 17, 'Gihundwe'),
(206, 3, 17, 'Gikundamvura'),
(207, 3, 17, 'Gitambi'),
(208, 3, 17, 'Kamembe'),
(209, 3, 17, 'Muganza'),
(210, 3, 17, 'Mururu'),
(211, 3, 17, 'Nkanka'),
(212, 3, 17, 'Nkombo'),
(213, 3, 17, 'Nkungu'),
(214, 3, 17, 'Nyakabuye'),
(215, 3, 17, 'Nyakarenzo'),
(216, 3, 17, 'Nzahaha'),
(217, 3, 17, 'Rwimbogo'),
(218, 3, 18, 'Bushekeri'),
(219, 3, 18, 'Bushenge'),
(220, 3, 18, 'Cyato'),
(221, 3, 18, 'Gihombo'),
(222, 3, 18, 'Kagano'),
(223, 3, 18, 'Kanjongo'),
(224, 3, 18, 'Karambi'),
(225, 3, 18, 'Karengera'),
(226, 3, 18, 'Kirimbi'),
(227, 3, 18, 'Macuba'),
(228, 3, 18, 'Mahembe'),
(229, 3, 18, 'Nyabitekeri'),
(230, 3, 18, 'Rangiro'),
(231, 3, 18, 'Ruharambuga'),
(232, 3, 18, 'Shangi'),
(233, 4, 19, 'Base'),
(234, 4, 19, 'Burega'),
(235, 4, 19, 'Bushoki'),
(236, 4, 19, 'Buyoga'),
(237, 4, 19, 'Cyinzuri'),
(238, 4, 19, 'Cyungo'),
(239, 4, 19, 'Kinihira'),
(240, 4, 19, 'Kisaro'),
(241, 4, 19, 'Masoro'),
(242, 4, 19, 'Mbogo'),
(243, 4, 19, 'Murambi'),
(244, 4, 19, 'Ngoma'),
(245, 4, 19, 'Ntarabana'),
(246, 4, 19, 'Rukozo'),
(247, 4, 19, 'Rusiga'),
(248, 4, 19, 'Shyorongi'),
(249, 4, 19, 'Tumba'),
(250, 4, 20, 'Busengo'),
(251, 4, 20, 'Coko'),
(252, 4, 20, 'Cyabingo'),
(253, 4, 20, 'Gakenke'),
(254, 4, 20, 'Gashenyi'),
(255, 4, 20, 'Janja'),
(256, 4, 20, 'Kamubuga'),
(257, 4, 20, 'Karambo'),
(258, 4, 20, 'Kivuruga'),
(259, 4, 20, 'Mataba'),
(260, 4, 20, 'Minazi'),
(261, 4, 20, 'Mugunga'),
(262, 4, 20, 'Muhondo'),
(263, 4, 20, 'Muyongwe'),
(264, 4, 20, 'Muzo'),
(265, 4, 20, 'Nemba'),
(266, 4, 20, 'Ruli'),
(267, 4, 20, 'Rusasa'),
(268, 4, 20, 'Rushashi'),
(269, 4, 21, 'Busogo'),
(270, 4, 21, 'Cyuve'),
(271, 4, 21, 'Gacaca'),
(272, 4, 21, 'Gashaki'),
(273, 4, 21, 'Gataraga'),
(274, 4, 21, 'Kimonyi'),
(275, 4, 21, 'Kinigi'),
(276, 4, 21, 'Muhoza'),
(277, 4, 21, 'Muko'),
(278, 4, 21, 'Musanze'),
(279, 4, 21, 'Nkotsi'),
(280, 4, 21, 'Nyange'),
(281, 4, 21, 'Remera'),
(282, 4, 21, 'Rwaza'),
(283, 4, 21, 'Shingiro'),
(284, 4, 22, 'Bungwe'),
(285, 4, 22, 'Butaro'),
(286, 4, 22, 'Cyanika'),
(287, 4, 22, 'Cyeru'),
(288, 4, 22, 'Gahunga'),
(289, 4, 22, 'Gatebe'),
(290, 4, 22, 'Gitovu'),
(291, 4, 22, 'Kagogo'),
(292, 4, 22, 'Kinoni'),
(293, 4, 22, 'Kinyababa'),
(294, 4, 22, 'Kivuye'),
(295, 4, 22, 'Nemba'),
(296, 4, 22, 'Rugarama'),
(297, 4, 22, 'Rugengabari'),
(298, 4, 22, 'Ruhunde'),
(299, 4, 22, 'Rusarabuye'),
(300, 4, 22, 'Rwerere'),
(301, 4, 23, 'Bukure'),
(302, 4, 23, 'Bwisige'),
(303, 4, 23, 'Byumba'),
(304, 4, 23, 'Cyumba'),
(305, 4, 23, 'Giti'),
(306, 4, 23, 'Kageyo'),
(307, 4, 23, 'Kaniga'),
(308, 4, 23, 'Manyagiro'),
(309, 4, 23, 'Miyove'),
(310, 4, 23, 'Mukarange'),
(311, 4, 23, 'Muko'),
(312, 4, 23, 'Mutete'),
(313, 4, 23, 'Nyamiyaga'),
(314, 4, 23, 'Nyankenke'),
(315, 4, 23, 'Rubaya'),
(316, 4, 23, 'Rukomo'),
(317, 4, 23, 'Rushaki'),
(318, 4, 23, 'Rutare'),
(319, 4, 23, 'Ruvune'),
(320, 4, 23, 'Rwamiko'),
(321, 4, 23, 'Shangasha'),
(322, 5, 24, 'Fumbwe'),
(323, 5, 24, 'Gahengeri'),
(324, 5, 24, 'Gishali'),
(325, 5, 24, 'Karenge'),
(326, 5, 24, 'Kigabiro'),
(327, 5, 24, 'Muhazi'),
(328, 5, 24, 'Munyaga'),
(329, 5, 24, 'Munyiginya'),
(330, 5, 24, 'Musha'),
(331, 5, 24, 'Muyumbu'),
(332, 5, 24, 'Mwulire'),
(333, 5, 24, 'Nyakaliro'),
(334, 5, 24, 'Nzige'),
(335, 5, 24, 'Rubona'),
(336, 5, 25, 'Gatunda'),
(337, 5, 25, 'Karama'),
(338, 5, 25, 'Karangazi'),
(339, 5, 25, 'Katabagemu'),
(340, 5, 25, 'Kiyombe'),
(341, 5, 25, 'Matimba'),
(342, 5, 25, 'Mimuri'),
(343, 5, 25, 'Mukama'),
(344, 5, 25, 'Musheri'),
(345, 5, 25, 'Nyagatare'),
(346, 5, 25, 'Rukomo'),
(347, 5, 25, 'Rwempasha'),
(348, 5, 25, 'Rwimiyaga'),
(349, 5, 25, 'Tambwe'),
(350, 5, 26, 'Gasange'),
(351, 5, 26, 'Gatsibo'),
(352, 5, 26, 'Gitoki'),
(353, 5, 26, 'Kabarore'),
(354, 5, 26, 'Kageyo'),
(355, 5, 26, 'Kiramuruzi'),
(356, 5, 26, 'Kiziguro'),
(357, 5, 26, 'Muhura'),
(358, 5, 26, 'Murambi'),
(359, 5, 26, 'Ngarama'),
(360, 5, 26, 'Nyagihanga'),
(361, 5, 26, 'Remera'),
(362, 5, 26, 'Rugarama'),
(363, 5, 26, 'Rwimbogo'),
(364, 5, 27, 'Gahini'),
(365, 5, 27, 'Kabare'),
(366, 5, 27, 'Kabarondo'),
(367, 5, 27, 'Mukarange'),
(368, 5, 27, 'Murama'),
(369, 5, 27, 'Murundi'),
(370, 5, 27, 'Mwiri'),
(371, 5, 27, 'Ndego'),
(372, 5, 27, 'Nyamirama'),
(373, 5, 27, 'Rukara'),
(374, 5, 27, 'Ruramira'),
(375, 5, 27, 'Rwinkwavu'),
(376, 5, 28, 'Gahara'),
(377, 5, 28, 'Gatore'),
(378, 5, 28, 'Kigarama'),
(379, 5, 28, 'Kigina'),
(380, 5, 28, 'Kirehe'),
(381, 5, 28, 'Mahama'),
(382, 5, 28, 'Mpanga'),
(383, 5, 28, 'Musaza'),
(384, 5, 28, 'Mushikiri'),
(385, 5, 28, 'Nasho'),
(386, 5, 28, 'Nyamugari'),
(387, 5, 28, 'Nyarubuye'),
(388, 5, 29, 'Gashanda'),
(389, 5, 29, 'Jarama'),
(390, 5, 29, 'Karembo'),
(391, 5, 29, 'Kazo'),
(392, 5, 29, 'Kibungo'),
(393, 5, 29, 'Mugesera'),
(394, 5, 29, 'Murama'),
(395, 5, 29, 'Mutenderi'),
(396, 5, 29, 'Remera'),
(397, 5, 29, 'Rukira'),
(398, 5, 29, 'Rukumberi'),
(399, 5, 29, 'Rurenge'),
(400, 5, 29, 'Sake'),
(401, 5, 29, 'Zaza'),
(402, 5, 30, 'Gashora'),
(403, 5, 30, 'Juru'),
(404, 5, 30, 'Kamabuye'),
(405, 5, 30, 'Mareba'),
(406, 5, 30, 'Mayange'),
(407, 5, 30, 'Musenyi'),
(408, 5, 30, 'Mwogo'),
(409, 5, 30, 'Ngeruka'),
(410, 5, 30, 'Ntarama'),
(411, 5, 30, 'Nyamata'),
(412, 5, 30, 'Nyarugenge'),
(413, 5, 30, 'Rilima'),
(414, 5, 30, 'Ruhuha'),
(415, 5, 30, 'Rweru'),
(416, 5, 30, 'Shyara'),
(418, 1, 2, 'kabuga');

-- --------------------------------------------------------

--
-- Table structure for table `fluid_status`
--

CREATE TABLE `fluid_status` (
  `id` int(11) NOT NULL,
  `statusname` varchar(255) COLLATE utf8_unicode_ci NOT NULL
) ENGINE=InnoDB DEFAULT CHARSET=utf8 COLLATE=utf8_unicode_ci;

--
-- Dumping data for table `fluid_status`
--

INSERT INTO `fluid_status` (`id`, `statusname`) VALUES
(1, 'emergency'),
(2, 'priority'),
(3, 'normal');

-- --------------------------------------------------------

--
-- Table structure for table `fluid_sub_company`
--

CREATE TABLE `fluid_sub_company` (
  `id` int(100) NOT NULL,
  `id_company` int(100) NOT NULL,
  `subcompany_name` varchar(100) NOT NULL,
  `tin_number` varchar(100) NOT NULL,
  `email` varchar(100) NOT NULL,
  `location` text NOT NULL
) ENGINE=InnoDB DEFAULT CHARSET=latin1;

--
-- Dumping data for table `fluid_sub_company`
--

INSERT INTO `fluid_sub_company` (`id`, `id_company`, `subcompany_name`, `tin_number`, `email`, `location`) VALUES
(3, 5, 'ALGORITHM', '101909872', 'kimainyi@gmail.com', 'KIMIHURURA'),
(4, 6, 'KAURWA LTD', '10317279', 'kaurwaltd@gmail.com', 'KIMIRONKO');

-- --------------------------------------------------------

--
-- Table structure for table `fluid_unavailable_car`
--

CREATE TABLE `fluid_unavailable_car` (
  `id` int(11) NOT NULL,
  `id_car` int(11) DEFAULT NULL,
  `departure_time` datetime DEFAULT NULL,
  `assumed_arrival_time` datetime DEFAULT NULL,
  `reason` varchar(100) CHARACTER SET utf8 COLLATE utf8_unicode_ci DEFAULT NULL,
  `status` varchar(100) CHARACTER SET utf8 COLLATE utf8_unicode_ci DEFAULT NULL,
  `is_active` tinyint(1) DEFAULT NULL
) ENGINE=InnoDB DEFAULT CHARSET=latin1;

--
-- Dumping data for table `fluid_unavailable_car`
--

INSERT INTO `fluid_unavailable_car` (`id`, `id_car`, `departure_time`, `assumed_arrival_time`, `reason`, `status`, `is_active`) VALUES
(1, 22, '2018-04-01 00:00:00', '2018-04-23 00:00:00', 'barayigonze', 'still_repaired', 0),
(2, 24, '2018-04-01 00:00:00', '2018-04-23 00:00:00', 'pane', 'still_repaired', 0),
(3, 2, '0000-00-00 00:00:00', '2018-02-26 00:00:00', '2018-05-30', 'still_repaired', NULL),
(4, 2, '2018-04-01 00:00:00', '2018-04-30 00:00:00', 'barayigonze', 'still_repaired', NULL),
(5, 23, '2018-04-01 00:00:00', '2018-04-25 00:00:00', 'accident', 'still_repaired', NULL),
(6, 15, '2018-04-01 00:00:00', '2018-04-23 00:00:00', 'accident', 'still_repaired', NULL),
(7, 2, '2018-04-27 00:00:00', '2018-04-30 00:00:00', 'private issue', 'already-active', NULL),
(8, 2, '2018-08-14 00:00:00', '2018-08-14 00:00:00', 'antretien', 'still_repaired', NULL),
(9, 1, '0000-00-00 00:00:00', '0000-00-00 00:00:00', 'nta control', 'still_repaired', NULL);

-- --------------------------------------------------------

--
-- Table structure for table `fluid_urugendo`
--

CREATE TABLE `fluid_urugendo` (
  `id` int(11) NOT NULL,
  `departure` varchar(255) COLLATE utf8_unicode_ci NOT NULL,
  `destination` varchar(255) COLLATE utf8_unicode_ci NOT NULL,
  `id_sector1` int(100) NOT NULL,
  `id_sector2` int(100) NOT NULL,
  `aboutcontract` varchar(255) COLLATE utf8_unicode_ci NOT NULL
) ENGINE=InnoDB DEFAULT CHARSET=utf8 COLLATE=utf8_unicode_ci;

--
-- Dumping data for table `fluid_urugendo`
--

INSERT INTO `fluid_urugendo` (`id`, `departure`, `destination`, `id_sector1`, `id_sector2`, `aboutcontract`) VALUES
(1, 'kipharma', 'pharmamed', 12, 13, 'new'),
(2, 'kipharma', 'unipharma', 12, 19, 'outofdate'),
(3, 'speranza', 'pharmamed', 12, 13, 'updatecontract');

-- --------------------------------------------------------

--
-- Table structure for table `fluid_user`
--

CREATE TABLE `fluid_user` (
  `id` int(11) NOT NULL,
  `id_subcompany` int(11) NOT NULL,
  `username` varchar(255) COLLATE utf8_unicode_ci NOT NULL,
  `full_name` varchar(255) COLLATE utf8_unicode_ci NOT NULL,
  `phone_number` varchar(20) COLLATE utf8_unicode_ci NOT NULL,
  `auth_key` varchar(32) COLLATE utf8_unicode_ci DEFAULT '10',
  `password` varchar(255) COLLATE utf8_unicode_ci NOT NULL,
  `passreset` varchar(255) COLLATE utf8_unicode_ci NOT NULL,
  `email` varchar(255) COLLATE utf8_unicode_ci NOT NULL,
  `role` int(11) NOT NULL DEFAULT '10',
  `last_login` datetime DEFAULT NULL,
  `live` int(250) DEFAULT '0',
  `status` varchar(250) COLLATE utf8_unicode_ci DEFAULT 'lebour',
  `vercod` varchar(250) COLLATE utf8_unicode_ci NOT NULL,
  `verfied` int(50) DEFAULT '0'
) ENGINE=InnoDB DEFAULT CHARSET=utf8 COLLATE=utf8_unicode_ci;

--
-- Dumping data for table `fluid_user`
--

INSERT INTO `fluid_user` (`id`, `id_subcompany`, `username`, `full_name`, `phone_number`, `auth_key`, `password`, `passreset`, `email`, `role`, `last_login`, `live`, `status`, `vercod`, `verfied`) VALUES
(1, 3, 'izabayo', 'isabelle', '0788708412', 'yes', '25f9e794323b453885f5181f1b624d0b', '1bbf28165a1dcbcfd145c68ff7fbe0ff685cc83646a3e253f786f4af1a7961bd', 'izababelle@gmail.com', 30, '2020-07-14 08:09:05', 1, 'lebour', '', 1),
(2, 3, 'sheilla', 'MUNEZERO Sheilla', '0786383907', '10', 'munezero', '', 'sheillaroy@gmail.com', 10, '2018-05-22 15:06:03', 1, 'lebour', '', 0),
(4, 3, 'joshua', 'NZAJYAYO Joshua', '0783753235', '10', 'nzajyayo', '', 'joshua@yahoo.fr', 10, '2018-09-12 12:33:23', 1, 'lebour', '', NULL),
(5, 0, 'linda', 'DUSHIMIRE Linda', '0788869326', '10', '25f9e794323b453885f5181f1b624d0b', '', 'dushimire@gmail.com', 10, '2017-11-27 11:17:59', 1, 'lebour', '', NULL),
(20, 3, 'nadia', 'CONDO Nadia', '0788802060', '10', '25f9e794323b453885f5181f1b624d0b', '', 'nadiacondo@gmail.com', 10, '2020-07-14 13:40:53', 1, 'lebour', '', 1),
(21, 3, 'denyse', 'deny.', '0788975432', '1', 'denyse', '', 'deny@gmail.com', 10, '2019-01-14 18:39:46', 1, 'lebour', '', NULL),
(22, 3, 'admin', 'izabayo isabelle iza', '788708412', '1', '25f9e794323b453885f5181f1b624d0b', '1bbf28165a1dcbcfd145c68ff7fbe0ff685cc83646a3e253f786f4af1a7961bd', 'izababelle@gmail.com', 20, '2020-07-14 11:20:55', 1, 'lebour', '', 1),
(24, 3, 'UWERA', 'ODETTE.', '0782138025', '1', 'uwera1992', '', 'uweraodette7@gmail.com', 10, '2018-11-22 10:29:46', 1, 'lebour', '', NULL),
(25, 3, 'MrFidele ', 'Fidele BYIGERO .', '0786651444', '1', 'Mr.Fidele', '1f526e4c13ee7a1586636ea2a2490d4d4f35476167832efa0f0018819f0f0421', 'fidobyigero@gmail.com', 10, '2018-09-04 10:24:38', 1, 'lebour', '', NULL),
(26, 3, 'CORNEILLE', 'MVUYEKURE CORNEILLE.', 'CORNEILLE', '1', '2020', '', 'corneillecovou@gmail.com', 10, '2019-01-31 12:16:03', 1, 'lebour', '', NULL),
(27, 3, 'watheo', 'BIZIMUNGU Theoneste.', '0787533098', '1', '2017', '', 'bizimungu2004@gmail.com', 10, '2018-11-05 13:39:34', 1, 'lebour', '', NULL),
(28, 3, 'aimable', 'Aimable Kimenyi.', '0788000000', '1', 'kimenyi123', '', 'kimainyi@gmail.com', 20, '2018-08-17 11:16:37', 1, 'lebour', '', NULL),
(29, 3, 'daniel', 'daniel.', '0784087466', '1', 'dany', '', 'daniel@gmail.com', 10, '2020-07-08 14:00:07', 1, 'lebour', '', NULL),
(30, 3, 'emelyne', 'ntigurirwa.', '0782286200', '1', 'reine', '', 'emelynesto@gmail.com', 10, '2018-07-30 12:27:32', 1, 'lebour', '', NULL),
(32, 3, 'Derrick ', 'Derrick.', '0784388236', '1', '123', '', 'Muderrick14@gmail.com', 10, '2018-07-18 13:55:32', 1, 'lebour', '', NULL),
(38, 3, 'TELSPHORE', 'NSABIMANA', '782402205', '1', '12345T', '', 'ntelesphore2012@gmail.com', 10, '2019-03-31 13:43:20', 1, 'lebour', '', NULL),
(56, 3, 'carine', 'uwibambe.', '0786612546', '10', 'pass', '', 'uwacarino', 10, '2018-03-20 17:46:19', 1, 'lebour', '', NULL),
(57, 3, 'Jmv', 'Bizimana jmv.', '+250784460563', '10', 'karamage', '', 'jmvbizimana@gmail.com', 10, '2018-10-02 11:36:59', 1, 'lebour', '', NULL),
(58, 3, 'delphine', 'mukahirwa.', '0785989244', '10', 'mosd', '', 'delphinemukahirwa@gmail.com', 10, '2019-02-12 19:28:46', 1, 'lebour', '', NULL),
(59, 3, 'niyigena', 'Niyigena Odette.', '0789335806', '10', 'gs20140071', '', 'niyigeno@gmail.com', 10, '2017-12-01 10:49:06', 1, 'lebour', '', NULL),
(60, 3, 'PASS CARINE', 'PASS CARINE.', '0786612546', '10', 'BOSCO1990', '', 'uwacarino@gmail.com', 10, '2018-01-18 12:10:31', 1, 'lebour', '', NULL),
(61, 4, 'kaurwa', 'G.Rose.', '0788975432', '10', 'KAURWA', '1bbf28165a1dcbcfd145c68ff7fbe0ff685cc83646a3e253f786f4af1a7961bd', 'habomar1@gmail.com', 20, '2020-07-08 14:01:43', 1, 'lebour', '', NULL),
(70, 4, 'fausy', 'fausy.', '07889965', '10', 'kaurwa', '', 'keza@gmail.com', 10, '2018-04-23 12:19:33', 1, 'lebour', '', NULL),
(71, 3, 'kalimba', 'Kalimba Olivier.', '0789375877', '10', 'kalimba123', '00fc93db77b445b2d12e7fcfffb8abc6912504f92517de742c02b9728f734dfe', 'kalimbaolivier@gmail.com', 10, '2019-02-27 10:29:27', 1, 'lebour', '', NULL),
(72, 4, 'fausca', 'fausca.', '0782829694', '10', 'fausca', '', 'uwafosca@gmail.com', 10, NULL, 1, 'lebour', '', NULL),
(73, 4, 'amani', 'amani.', '0788521733', '10', 'amani', '', 'saasitaa@yahoo.com', 20, '2018-02-19 16:24:45', 1, 'lebour', '', NULL),
(74, 4, '', '.', 'KIPHARMA', '10', '12345', 'c609f4e370701a57b0b37890e6e9465668861dbaa1168251cf2a6294d6933108', '', 10, NULL, 1, 'lebour', '', NULL),
(75, 3, 'gilles', 'Gilbert', '0789988122', '10', '123456', '1bbf28165a1dcbcfd145c68ff7fbe0ff685cc83646a3e253f786f4af1a7961bd', 'izababelle@gmail.com', 10, '2018-08-16 18:23:52', 1, 'lebour', '', NULL),
(76, 3, 'danny', 'Daniel', '078900888', '10', '123456', '', 'dany@gmail.com', 10, '2018-09-26 08:56:19', 1, 'lebour', '', NULL),
(78, 3, 'driver', 'gilles', '07812356', '10', 'gilles', '1bbf28165a1dcbcfd145c68ff7fbe0ff685cc83646a3e253f786f4af1a7961bd', 'izababelle@gmail.com', 10, '2018-04-17 16:35:35', 1, 'lebour', '', NULL),
(79, 4, 'kalisa', 'kalisa erneste.', '07889965', '10', 'kalisa', '1bbf28165a1dcbcfd145c68ff7fbe0ff685cc83646a3e253f786f4af1a7961bd', 'izababelle@gmail.com', 30, '2018-04-19 13:29:15', 1, 'lebour', '', NULL),
(80, 3, 'Ella', 'Ella Hestia.', '0789623684', '10', 'hestia', '', 'irangabiyeellahestia@gmail.com', 10, '2019-01-17 13:11:28', 1, 'lebour', '', NULL),
(81, 3, 'damour', 'Jean Damour MPATSWENIMANA.', '0782174233', '10', 'damour', '', 'mpatswenimanaj@gmail.com', 10, '2018-05-08 13:11:25', 1, 'lebour', '', NULL),
(82, 3, 'fidele', 'BYIGERO Fidele.', '0788515135', '10', 'fidele12345', '', 'fidobyigero@gmail.com', 10, '2019-03-03 23:52:48', 1, 'lebour', '', NULL),
(83, 3, 'empty pick', 'empty pick.', '07889965', '10', 'empty', '', 'none', 20, '2018-08-09 15:57:04', 1, 'lebour', '', NULL),
(84, 3, 'Amri Sued', 'IRADUKUNDA Amri Sued.', '0788970708', '10', '123456', '', 'amrisued@gmail.com', 10, '2019-01-31 12:15:07', 1, 'lebour', '', NULL),
(85, 3, 'marknoob', 'mark.', '8786432', '10', 'marknoob', '', 'noobdepes@gmail.com', 10, '2018-07-11 03:31:59', 1, 'lebour', '', NULL),
(86, 3, 'ANATHOLE', 'ANATHOLE NIYONGANA', '0788621807', '10', '4545', '', 'anatholeniyongana@gmail.com', 10, '2019-03-05 12:23:59', 1, 'lebour', '', NULL),
(87, 3, 'Barthelemy', 'NIYIGIRIMBABAZI Barthelemy', '783288362', '10', 'nabagize', '', 'barthelemyniyigirimbabazi01@gmail.com', 10, '2018-08-08 17:23:41', 1, 'lebour', '', NULL),
(88, 3, 'irakuzwa', 'Irakuzwa Jean Aime', '0782229123', '10', 'irakuzwa10', 'efa080a8e06f479915f2be8f17236a84df3fb7a0b64ca47a8b3498fd03f28d52', 'aimeirak10@gmail.com', 10, '2020-07-07 15:49:43', 1, 'lebour', '', NULL),
(89, 3, 'NIYITUGENERA ', 'NIYITUGENERA Josiane', '0781548189', '10', '1515', '', 'josabouba@gmail.com', 10, '2018-08-08 17:27:24', 1, 'lebour', '', NULL),
(90, 3, 'nsengimana', 'Nsengimana Emmanuel', '0785363824', '10', '123', 'bce893b79db8132eb7a4ee78ff844fb2291935392f8f1649693632933161c4f6', 'nsengiello@hotmail.com', 10, '2018-11-26 09:21:15', 1, 'lebour', '', NULL),
(91, 3, 'upacif', 'Pacifique Uwimana ', '+250783248715', '10', 'Loukolela33', '8bbbb45e75a0748c92b2a7ed7fb0858928d42c62792eb6c770bc11627791aa11', 'upacif33@gmail.com', 10, '2019-01-28 17:52:49', 1, 'lebour', '', NULL),
(92, 3, 'Jenny', 'Niyonkuru Jeannine manariyo', '078843008', '10', '1995', '81f061eabf0699fbbb7016324faf4ed04486df4684900cdbc553582fdd3fbe9d', 'Niyonkurn@gmail.com', 10, '2018-11-27 12:58:47', 1, 'lebour', '', NULL),
(93, 3, 'Hagenimana', 'Hagenimana EMMANUEL', '0780273467', '10', '1212', '', 'hagenimanemmanuel@gmail.com', 10, '2020-01-31 09:10:41', 1, 'lebour', '', NULL),
(95, 3, 'Josiane_NIYITUGENERA', 'Josiane Niyitugenera', '0781548189', '10', 'JOJO85711', '', 'josabouba@gmail.com', 10, '2018-11-30 15:14:16', 1, 'lebour', '', NULL),
(96, 3, 'anorbert', 'Rugamba', '787373722', '10', 'anorbert.@3', 'e80f5fcf890163efd105081ceaf9a68768b8493a99e4763d47cff38234fcce6b', 'anorbertdezin@gmail.com', 10, '2018-10-09 16:48:33', 1, 'lebour', '', NULL),
(98, 3, 'Barthelemy1', 'Barthelemy NIYIGIRIMBABAZI', '783288362', '10', '1212', '', 'barthelemy.niyigirimbabazi@ishyiga.info', 10, NULL, 1, 'lebour', '', NULL),
(99, 3, 'betty', 'kabanda', '078787878', '10', '123456789', '', 'kabanda@gmail.com', 10, '2020-03-09 21:36:30', 1, 'lebour', '', NULL),
(131, 3, 'seze', 'sez fent ', '123456799', '10', '25f9e794323b453885f5181f1b624d0b', 'b9e1f457ea9ae47b0bef4ed48811f77f', 'sezeranochrisostom123@gmail.com', 10, NULL, 0, 'lebour', '6aeb853060bef4912be572ffdd6445b2', 1),
(132, 0, 'chris', 'sezerano jean chris', '+2496153264945', '10', '25f9e794323b453885f5181f1b624d0b', 'fad8f4c2221aa0ba6850fd3c1efc82bd', 'fent@gmail.com', 10, NULL, 1, 'lebour', '202eea75b3344b6871d7b6e51cc5044e', 1);

--
-- Indexes for dumped tables
--

--
-- Indexes for table `fluid_arrival`
--
ALTER TABLE `fluid_arrival`
  ADD PRIMARY KEY (`id`),
  ADD KEY `id_placef` (`id_place2`),
  ADD KEY `id_sector` (`id_sector`);

--
-- Indexes for table `fluid_booking`
--
ALTER TABLE `fluid_booking`
  ADD PRIMARY KEY (`id`),
  ADD UNIQUE KEY `id` (`id`),
  ADD KEY `id_user` (`id_user`),
  ADD KEY `id_sector0` (`id_place0`,`id_placef`,`status_id`,`departments_id`),
  ADD KEY `fk_booking_departments` (`departments_id`),
  ADD KEY `fk_booking_status` (`status_id`),
  ADD KEY `fk_booking_place` (`id_placef`),
  ADD KEY `car_id` (`car_id`);

--
-- Indexes for table `fluid_booking_row`
--
ALTER TABLE `fluid_booking_row`
  ADD PRIMARY KEY (`id`),
  ADD KEY `id_booking` (`id_booking`);

--
-- Indexes for table `fluid_car`
--
ALTER TABLE `fluid_car`
  ADD PRIMARY KEY (`id`),
  ADD KEY `id_subcompany` (`id_subcompany`);

--
-- Indexes for table `fluid_car_location`
--
ALTER TABLE `fluid_car_location`
  ADD PRIMARY KEY (`id`),
  ADD KEY `id_place` (`id_place`),
  ADD KEY `id_place_2` (`id_place`,`status_id`),
  ADD KEY `fk_car_location_status` (`status_id`),
  ADD KEY `car_id` (`car_id`);

--
-- Indexes for table `fluid_cell`
--
ALTER TABLE `fluid_cell`
  ADD PRIMARY KEY (`id`),
  ADD KEY `idx_province_id_3582_00` (`province_id`),
  ADD KEY `idx_district_id_3582_01` (`district_id`),
  ADD KEY `idx_sector_id_3582_02` (`sector_id`);

--
-- Indexes for table `fluid_company`
--
ALTER TABLE `fluid_company`
  ADD PRIMARY KEY (`id`);

--
-- Indexes for table `fluid_depart`
--
ALTER TABLE `fluid_depart`
  ADD PRIMARY KEY (`id`),
  ADD KEY `id_place0` (`id_place1`),
  ADD KEY `id_sector1` (`id_sector1`);

--
-- Indexes for table `fluid_departments`
--
ALTER TABLE `fluid_departments`
  ADD PRIMARY KEY (`id`),
  ADD KEY `id_subcompany` (`id_subcompany`);

--
-- Indexes for table `fluid_distance`
--
ALTER TABLE `fluid_distance`
  ADD PRIMARY KEY (`id`),
  ADD KEY `id_sector0` (`id_sector0`,`id_sectorf`),
  ADD KEY `fk_distance_sectorf` (`id_sectorf`);

--
-- Indexes for table `fluid_district`
--
ALTER TABLE `fluid_district`
  ADD PRIMARY KEY (`id`),
  ADD KEY `idx-district-province_id` (`province_id`);

--
-- Indexes for table `fluid_kms`
--
ALTER TABLE `fluid_kms`
  ADD PRIMARY KEY (`id`),
  ADD KEY `id_subcompany` (`id_subcompany`),
  ADD KEY `id_car` (`id_car`);

--
-- Indexes for table `fluid_place`
--
ALTER TABLE `fluid_place`
  ADD PRIMARY KEY (`id`),
  ADD KEY `id_sector0` (`id_sector0`),
  ADD KEY `id_user` (`id_user`);

--
-- Indexes for table `fluid_private_usage`
--
ALTER TABLE `fluid_private_usage`
  ADD PRIMARY KEY (`id`),
  ADD KEY `idx_id_car` (`id_car`);

--
-- Indexes for table `fluid_province`
--
ALTER TABLE `fluid_province`
  ADD PRIMARY KEY (`id`);

--
-- Indexes for table `fluid_sector`
--
ALTER TABLE `fluid_sector`
  ADD PRIMARY KEY (`id`),
  ADD UNIQUE KEY `id` (`id`),
  ADD KEY `idx_province_id_581_00` (`province_id`),
  ADD KEY `idx_district_id_581_01` (`district_id`);

--
-- Indexes for table `fluid_status`
--
ALTER TABLE `fluid_status`
  ADD PRIMARY KEY (`id`);

--
-- Indexes for table `fluid_sub_company`
--
ALTER TABLE `fluid_sub_company`
  ADD PRIMARY KEY (`id`),
  ADD KEY `id_company` (`id_company`),
  ADD KEY `subcompany_name` (`subcompany_name`);

--
-- Indexes for table `fluid_unavailable_car`
--
ALTER TABLE `fluid_unavailable_car`
  ADD PRIMARY KEY (`id`);

--
-- Indexes for table `fluid_urugendo`
--
ALTER TABLE `fluid_urugendo`
  ADD PRIMARY KEY (`id`),
  ADD KEY `departure` (`departure`,`destination`),
  ADD KEY `departure_2` (`departure`),
  ADD KEY `destination` (`destination`),
  ADD KEY `id_sector1` (`id_sector1`,`id_sector2`),
  ADD KEY `fk_urugendo_sector2` (`id_sector2`);

--
-- Indexes for table `fluid_user`
--
ALTER TABLE `fluid_user`
  ADD PRIMARY KEY (`id`),
  ADD UNIQUE KEY `username` (`username`),
  ADD UNIQUE KEY `full_name` (`full_name`),
  ADD KEY `id` (`id`),
  ADD KEY `id_2` (`id`),
  ADD KEY `id_subcompany` (`id_subcompany`);

--
-- AUTO_INCREMENT for dumped tables
--

--
-- AUTO_INCREMENT for table `fluid_booking`
--
ALTER TABLE `fluid_booking`
  MODIFY `id` int(11) NOT NULL AUTO_INCREMENT, AUTO_INCREMENT=1109;

--
-- AUTO_INCREMENT for table `fluid_booking_row`
--
ALTER TABLE `fluid_booking_row`
  MODIFY `id` int(11) NOT NULL AUTO_INCREMENT, AUTO_INCREMENT=69;

--
-- AUTO_INCREMENT for table `fluid_car`
--
ALTER TABLE `fluid_car`
  MODIFY `id` int(100) NOT NULL AUTO_INCREMENT, AUTO_INCREMENT=27;

--
-- AUTO_INCREMENT for table `fluid_car_location`
--
ALTER TABLE `fluid_car_location`
  MODIFY `id` int(255) NOT NULL AUTO_INCREMENT, AUTO_INCREMENT=17;

--
-- AUTO_INCREMENT for table `fluid_cell`
--
ALTER TABLE `fluid_cell`
  MODIFY `id` int(11) NOT NULL AUTO_INCREMENT, AUTO_INCREMENT=2148;

--
-- AUTO_INCREMENT for table `fluid_company`
--
ALTER TABLE `fluid_company`
  MODIFY `id` int(100) NOT NULL AUTO_INCREMENT, AUTO_INCREMENT=7;

--
-- AUTO_INCREMENT for table `fluid_departments`
--
ALTER TABLE `fluid_departments`
  MODIFY `id` int(11) NOT NULL AUTO_INCREMENT, AUTO_INCREMENT=7;

--
-- AUTO_INCREMENT for table `fluid_distance`
--
ALTER TABLE `fluid_distance`
  MODIFY `id` int(255) NOT NULL AUTO_INCREMENT, AUTO_INCREMENT=276;

--
-- AUTO_INCREMENT for table `fluid_district`
--
ALTER TABLE `fluid_district`
  MODIFY `id` int(11) NOT NULL AUTO_INCREMENT, AUTO_INCREMENT=31;

--
-- AUTO_INCREMENT for table `fluid_kms`
--
ALTER TABLE `fluid_kms`
  MODIFY `id` int(11) NOT NULL AUTO_INCREMENT, AUTO_INCREMENT=43;

--
-- AUTO_INCREMENT for table `fluid_place`
--
ALTER TABLE `fluid_place`
  MODIFY `id` int(11) NOT NULL AUTO_INCREMENT, AUTO_INCREMENT=324;

--
-- AUTO_INCREMENT for table `fluid_private_usage`
--
ALTER TABLE `fluid_private_usage`
  MODIFY `id` int(11) UNSIGNED NOT NULL AUTO_INCREMENT;

--
-- AUTO_INCREMENT for table `fluid_province`
--
ALTER TABLE `fluid_province`
  MODIFY `id` int(11) NOT NULL AUTO_INCREMENT, AUTO_INCREMENT=6;

--
-- AUTO_INCREMENT for table `fluid_sector`
--
ALTER TABLE `fluid_sector`
  MODIFY `id` int(11) NOT NULL AUTO_INCREMENT, AUTO_INCREMENT=419;

--
-- AUTO_INCREMENT for table `fluid_sub_company`
--
ALTER TABLE `fluid_sub_company`
  MODIFY `id` int(100) NOT NULL AUTO_INCREMENT, AUTO_INCREMENT=5;

--
-- AUTO_INCREMENT for table `fluid_unavailable_car`
--
ALTER TABLE `fluid_unavailable_car`
  MODIFY `id` int(11) NOT NULL AUTO_INCREMENT, AUTO_INCREMENT=10;

--
-- AUTO_INCREMENT for table `fluid_user`
--
ALTER TABLE `fluid_user`
  MODIFY `id` int(11) NOT NULL AUTO_INCREMENT, AUTO_INCREMENT=133;

--
-- Constraints for dumped tables
--

--
-- Constraints for table `fluid_arrival`
--
ALTER TABLE `fluid_arrival`
  ADD CONSTRAINT `fk_arrival_place` FOREIGN KEY (`id_place2`) REFERENCES `fluid_place` (`id`),
  ADD CONSTRAINT `fk_arrival_sector` FOREIGN KEY (`id_sector`) REFERENCES `fluid_sector` (`id`);

--
-- Constraints for table `fluid_cell`
--
ALTER TABLE `fluid_cell`
  ADD CONSTRAINT `fk_cell_sector` FOREIGN KEY (`sector_id`) REFERENCES `fluid_sector` (`id`);

--
-- Constraints for table `fluid_depart`
--
ALTER TABLE `fluid_depart`
  ADD CONSTRAINT `fk_depart_place` FOREIGN KEY (`id_place1`) REFERENCES `fluid_place` (`id`),
  ADD CONSTRAINT `fk_depart_sector` FOREIGN KEY (`id_sector1`) REFERENCES `fluid_sector` (`id`);

--
-- Constraints for table `fluid_distance`
--
ALTER TABLE `fluid_distance`
  ADD CONSTRAINT `fk_distance_sector0` FOREIGN KEY (`id_sector0`) REFERENCES `fluid_sector` (`id`),
  ADD CONSTRAINT `fk_distance_sectorf` FOREIGN KEY (`id_sectorf`) REFERENCES `fluid_sector` (`id`);

--
-- Constraints for table `fluid_place`
--
ALTER TABLE `fluid_place`
  ADD CONSTRAINT `fk_place_sector` FOREIGN KEY (`id_sector0`) REFERENCES `fluid_sector` (`id`);

--
-- Constraints for table `fluid_sector`
--
ALTER TABLE `fluid_sector`
  ADD CONSTRAINT `fk_district_5808_01` FOREIGN KEY (`district_id`) REFERENCES `fluid_district` (`id`),
  ADD CONSTRAINT `fk_province_5808_00` FOREIGN KEY (`province_id`) REFERENCES `fluid_province` (`id`);

--
-- Constraints for table `fluid_urugendo`
--
ALTER TABLE `fluid_urugendo`
  ADD CONSTRAINT `fk_urugendo_sector1` FOREIGN KEY (`id_sector1`) REFERENCES `fluid_sector` (`id`),
  ADD CONSTRAINT `fk_urugendo_sector2` FOREIGN KEY (`id_sector2`) REFERENCES `fluid_sector` (`id`);
COMMIT;

/*!40101 SET CHARACTER_SET_CLIENT=@OLD_CHARACTER_SET_CLIENT */;
/*!40101 SET CHARACTER_SET_RESULTS=@OLD_CHARACTER_SET_RESULTS */;
/*!40101 SET COLLATION_CONNECTION=@OLD_COLLATION_CONNECTION */;
